companyid	attribute_id	value	fiscial_year	quarter	date_inserted	source	unit
1	66	236	2023	3	2026-04-02 11:52:28+00	borsdata	MSEK
1	66	302	2023	4	2026-04-02 11:52:28+00	borsdata	MSEK
1	66	222	2024	1	2026-04-02 11:52:28+00	borsdata	MSEK
1	66	314	2024	2	2026-04-02 11:52:28+00	borsdata	MSEK
1	66	240	2024	3	2026-04-02 11:52:28+00	borsdata	MSEK
1	66	318	2024	4	2026-04-02 11:52:28+00	borsdata	MSEK
1	66	248	2025	1	2026-04-02 11:52:28+00	borsdata	MSEK
1	66	362	2025	2	2026-04-02 11:52:28+00	borsdata	MSEK
1	66	284	2025	3	2026-04-02 11:52:28+00	borsdata	MSEK
1	66	371	2025	4	2026-04-02 11:52:28+00	borsdata	MSEK
1	20	120	2023	3	2026-04-02 11:52:28+00	borsdata	MSEK
1	20	151	2023	4	2026-04-02 11:52:28+00	borsdata	MSEK
1	20	109	2024	1	2026-04-02 11:52:28+00	borsdata	MSEK
1	20	172	2024	2	2026-04-02 11:52:28+00	borsdata	MSEK
1	20	131	2024	3	2026-04-02 11:52:28+00	borsdata	MSEK
1	20	170	2024	4	2026-04-02 11:52:28+00	borsdata	MSEK
1	20	128	2025	1	2026-04-02 11:52:28+00	borsdata	MSEK
1	20	197	2025	2	2026-04-02 11:52:28+00	borsdata	MSEK
1	20	161	2025	3	2026-04-02 11:52:28+00	borsdata	MSEK
1	20	200	2025	4	2026-04-02 11:52:28+00	borsdata	MSEK
1	86	12.9	2023	3	2026-04-02 11:52:28+00	borsdata	MSEK
1	86	24.0	2023	4	2026-04-02 11:52:28+00	borsdata	MSEK
1	86	1.4	2024	1	2026-04-02 11:52:28+00	borsdata	MSEK
1	86	30.5	2024	2	2026-04-02 11:52:28+00	borsdata	MSEK
1	86	25.1	2024	3	2026-04-02 11:52:28+00	borsdata	MSEK
1	86	36.2	2024	4	2026-04-02 11:52:28+00	borsdata	MSEK
1	86	19.9	2025	1	2026-04-02 11:52:28+00	borsdata	MSEK
1	86	55.4	2025	2	2026-04-02 11:52:28+00	borsdata	MSEK
1	86	43.3	2025	3	2026-04-02 11:52:28+00	borsdata	MSEK
1	86	47.8	2025	4	2026-04-02 11:52:28+00	borsdata	MSEK
1	78	9.3	2023	3	2026-04-02 11:52:28+00	borsdata	MSEK
1	78	19.4	2023	4	2026-04-02 11:52:28+00	borsdata	MSEK
1	78	-2.2	2024	1	2026-04-02 11:52:28+00	borsdata	MSEK
1	78	26.4	2024	2	2026-04-02 11:52:28+00	borsdata	MSEK
1	78	22.0	2024	3	2026-04-02 11:52:28+00	borsdata	MSEK
1	78	36.1	2024	4	2026-04-02 11:52:28+00	borsdata	MSEK
1	78	16.2	2025	1	2026-04-02 11:52:28+00	borsdata	MSEK
1	78	52.4	2025	2	2026-04-02 11:52:28+00	borsdata	MSEK
1	78	41.5	2025	3	2026-04-02 11:52:28+00	borsdata	MSEK
1	78	44.4	2025	4	2026-04-02 11:52:28+00	borsdata	MSEK
1	79	9.1	2023	3	2026-04-02 11:52:28+00	borsdata	MSEK
1	79	19.7	2023	4	2026-04-02 11:52:28+00	borsdata	MSEK
1	79	-1.9	2024	1	2026-04-02 11:52:28+00	borsdata	MSEK
1	79	26.7	2024	2	2026-04-02 11:52:28+00	borsdata	MSEK
1	79	22.3	2024	3	2026-04-02 11:52:28+00	borsdata	MSEK
1	79	36.3	2024	4	2026-04-02 11:52:28+00	borsdata	MSEK
1	79	16.3	2025	1	2026-04-02 11:52:28+00	borsdata	MSEK
1	79	52.4	2025	2	2026-04-02 11:52:28+00	borsdata	MSEK
1	79	41.5	2025	3	2026-04-02 11:52:28+00	borsdata	MSEK
1	79	58.3	2025	4	2026-04-02 11:52:28+00	borsdata	MSEK
1	109	0.30	2023	3	2026-04-02 11:52:28+00	borsdata	SEK
1	109	0.66	2023	4	2026-04-02 11:52:28+00	borsdata	SEK
1	109	-0.06	2024	1	2026-04-02 11:52:28+00	borsdata	SEK
1	109	0.89	2024	2	2026-04-02 11:52:28+00	borsdata	SEK
1	109	0.74	2024	3	2026-04-02 11:52:28+00	borsdata	SEK
1	109	1.21	2024	4	2026-04-02 11:52:28+00	borsdata	SEK
1	109	0.54	2025	1	2026-04-02 11:52:28+00	borsdata	SEK
1	109	1.75	2025	2	2026-04-02 11:52:28+00	borsdata	SEK
1	109	1.38	2025	3	2026-04-02 11:52:28+00	borsdata	SEK
1	109	1.94	2025	4	2026-04-02 11:52:28+00	borsdata	SEK
1	6	30.00	2023	3	2026-04-02 11:52:28+00	borsdata	Milj
1	6	30.00	2023	4	2026-04-02 11:52:28+00	borsdata	Milj
1	6	30.00	2024	1	2026-04-02 11:52:28+00	borsdata	Milj
1	6	30.00	2024	2	2026-04-02 11:52:28+00	borsdata	Milj
1	6	30.00	2024	3	2026-04-02 11:52:28+00	borsdata	Milj
1	6	30.00	2024	4	2026-04-02 11:52:28+00	borsdata	Milj
1	6	30.00	2025	1	2026-04-02 11:52:28+00	borsdata	Milj
1	6	30.00	2025	2	2026-04-02 11:52:28+00	borsdata	Milj
1	6	30.00	2025	3	2026-04-02 11:52:28+00	borsdata	Milj
1	6	30.00	2025	4	2026-04-02 11:52:28+00	borsdata	Milj
1	105	0.00	2023	3	2026-04-02 11:52:28+00	borsdata	SEK
1	105	0.83	2023	4	2026-04-02 11:52:28+00	borsdata	SEK
1	105	0.83	2024	1	2026-04-02 11:52:28+00	borsdata	SEK
1	105	0.83	2024	2	2026-04-02 11:52:28+00	borsdata	SEK
1	105	0.83	2024	3	2026-04-02 11:52:28+00	borsdata	SEK
1	105	0.00	2024	4	2026-04-02 11:52:28+00	borsdata	SEK
1	105	0.00	2025	1	2026-04-02 11:52:28+00	borsdata	SEK
1	105	0.00	2025	2	2026-04-02 11:52:28+00	borsdata	SEK
1	105	0.00	2025	3	2026-04-02 11:52:28+00	borsdata	SEK
1	105	0.00	2025	4	2026-04-02 11:52:28+00	borsdata	SEK
1	39	63.8	2023	3	2026-04-02 11:52:28+00	borsdata	MSEK
1	39	67.7	2023	4	2026-04-02 11:52:28+00	borsdata	MSEK
1	39	74.3	2024	1	2026-04-02 11:52:28+00	borsdata	MSEK
1	39	79.3	2024	2	2026-04-02 11:52:28+00	borsdata	MSEK
1	39	79.6	2024	3	2026-04-02 11:52:28+00	borsdata	MSEK
1	39	78.0	2024	4	2026-04-02 11:52:28+00	borsdata	MSEK
1	39	77.6	2025	1	2026-04-02 11:52:28+00	borsdata	MSEK
1	39	81.4	2025	2	2026-04-02 11:52:28+00	borsdata	MSEK
1	39	82.9	2025	3	2026-04-02 11:52:28+00	borsdata	MSEK
1	39	84.0	2025	4	2026-04-02 11:52:28+00	borsdata	MSEK
1	65	288	2023	3	2026-04-02 11:52:28+00	borsdata	MSEK
1	65	283	2023	4	2026-04-02 11:52:28+00	borsdata	MSEK
1	65	274	2024	1	2026-04-02 11:52:28+00	borsdata	MSEK
1	65	264	2024	2	2026-04-02 11:52:28+00	borsdata	MSEK
1	65	253	2024	3	2026-04-02 11:52:28+00	borsdata	MSEK
1	65	251	2024	4	2026-04-02 11:52:28+00	borsdata	MSEK
1	65	242	2025	1	2026-04-02 11:52:28+00	borsdata	MSEK
1	65	234	2025	2	2026-04-02 11:52:28+00	borsdata	MSEK
1	65	275	2025	3	2026-04-02 11:52:28+00	borsdata	MSEK
1	65	289	2025	4	2026-04-02 11:52:28+00	borsdata	MSEK
1	31	82.9	2023	3	2026-04-02 11:52:28+00	borsdata	MSEK
1	31	83.2	2023	4	2026-04-02 11:52:28+00	borsdata	MSEK
1	31	86.7	2024	1	2026-04-02 11:52:28+00	borsdata	MSEK
1	31	83.8	2024	2	2026-04-02 11:52:28+00	borsdata	MSEK
1	31	84.0	2024	3	2026-04-02 11:52:28+00	borsdata	MSEK
1	31	114	2024	4	2026-04-02 11:52:28+00	borsdata	MSEK
1	31	113	2025	1	2026-04-02 11:52:28+00	borsdata	MSEK
1	31	113	2025	2	2026-04-02 11:52:28+00	borsdata	MSEK
1	31	114	2025	3	2026-04-02 11:52:28+00	borsdata	MSEK
1	31	127	2025	4	2026-04-02 11:52:28+00	borsdata	MSEK
1	89	435	2023	3	2026-04-02 11:52:28+00	borsdata	MSEK
1	89	434	2023	4	2026-04-02 11:52:28+00	borsdata	MSEK
1	89	435	2024	1	2026-04-02 11:52:28+00	borsdata	MSEK
1	89	427	2024	2	2026-04-02 11:52:28+00	borsdata	MSEK
1	89	417	2024	3	2026-04-02 11:52:28+00	borsdata	MSEK
1	89	443	2024	4	2026-04-02 11:52:28+00	borsdata	MSEK
1	89	433	2025	1	2026-04-02 11:52:28+00	borsdata	MSEK
1	89	429	2025	2	2026-04-02 11:52:28+00	borsdata	MSEK
1	89	471	2025	3	2026-04-02 11:52:28+00	borsdata	MSEK
1	89	500	2025	4	2026-04-02 11:52:28+00	borsdata	MSEK
1	42	120	2023	3	2026-04-02 11:52:28+00	borsdata	MSEK
1	42	151	2023	4	2026-04-02 11:52:28+00	borsdata	MSEK
1	42	126	2024	1	2026-04-02 11:52:28+00	borsdata	MSEK
1	42	220	2024	2	2026-04-02 11:52:28+00	borsdata	MSEK
1	42	190	2024	3	2026-04-02 11:52:28+00	borsdata	MSEK
1	42	197	2024	4	2026-04-02 11:52:28+00	borsdata	MSEK
1	42	173	2025	1	2026-04-02 11:52:28+00	borsdata	MSEK
1	42	260	2025	2	2026-04-02 11:52:28+00	borsdata	MSEK
1	42	227	2025	3	2026-04-02 11:52:28+00	borsdata	MSEK
1	42	254	2025	4	2026-04-02 11:52:28+00	borsdata	MSEK
1	92	381	2023	3	2026-04-02 11:52:28+00	borsdata	MSEK
1	92	366	2023	4	2026-04-02 11:52:28+00	borsdata	MSEK
1	92	366	2024	1	2026-04-02 11:52:28+00	borsdata	MSEK
1	92	428	2024	2	2026-04-02 11:52:28+00	borsdata	MSEK
1	92	419	2024	3	2026-04-02 11:52:28+00	borsdata	MSEK
1	92	425	2024	4	2026-04-02 11:52:28+00	borsdata	MSEK
1	92	414	2025	1	2026-04-02 11:52:28+00	borsdata	MSEK
1	92	485	2025	2	2026-04-02 11:52:28+00	borsdata	MSEK
1	92	504	2025	3	2026-04-02 11:52:28+00	borsdata	MSEK
1	92	490	2025	4	2026-04-02 11:52:28+00	borsdata	MSEK
1	93	816	2023	3	2026-04-02 11:52:28+00	borsdata	MSEK
1	93	800	2023	4	2026-04-02 11:52:28+00	borsdata	MSEK
1	93	801	2024	1	2026-04-02 11:52:28+00	borsdata	MSEK
1	93	855	2024	2	2026-04-02 11:52:28+00	borsdata	MSEK
1	93	836	2024	3	2026-04-02 11:52:28+00	borsdata	MSEK
1	93	868	2024	4	2026-04-02 11:52:28+00	borsdata	MSEK
1	93	847	2025	1	2026-04-02 11:52:28+00	borsdata	MSEK
1	93	914	2025	2	2026-04-02 11:52:28+00	borsdata	MSEK
1	93	975	2025	3	2026-04-02 11:52:28+00	borsdata	MSEK
1	93	990	2025	4	2026-04-02 11:52:28+00	borsdata	MSEK
1	90	159	2023	3	2026-04-02 11:52:28+00	borsdata	MSEK
1	90	179	2023	4	2026-04-02 11:52:28+00	borsdata	MSEK
1	90	177	2024	1	2026-04-02 11:52:28+00	borsdata	MSEK
1	90	203	2024	2	2026-04-02 11:52:28+00	borsdata	MSEK
1	90	226	2024	3	2026-04-02 11:52:28+00	borsdata	MSEK
1	90	237	2024	4	2026-04-02 11:52:28+00	borsdata	MSEK
1	90	253	2025	1	2026-04-02 11:52:28+00	borsdata	MSEK
1	90	306	2025	2	2026-04-02 11:52:28+00	borsdata	MSEK
1	90	348	2025	3	2026-04-02 11:52:28+00	borsdata	MSEK
1	90	406	2025	4	2026-04-02 11:52:28+00	borsdata	MSEK
1	61	204	2023	3	2026-04-02 11:52:28+00	borsdata	MSEK
1	61	183	2023	4	2026-04-02 11:52:28+00	borsdata	MSEK
1	61	178	2024	1	2026-04-02 11:52:28+00	borsdata	MSEK
1	61	172	2024	2	2026-04-02 11:52:28+00	borsdata	MSEK
1	61	236	2024	3	2026-04-02 11:52:28+00	borsdata	MSEK
1	61	268	2024	4	2026-04-02 11:52:28+00	borsdata	MSEK
1	61	261	2025	1	2026-04-02 11:52:28+00	borsdata	MSEK
1	61	248	2025	2	2026-04-02 11:52:28+00	borsdata	MSEK
1	61	287	2025	3	2026-04-02 11:52:28+00	borsdata	MSEK
1	61	265	2025	4	2026-04-02 11:52:28+00	borsdata	MSEK
1	51	454	2023	3	2026-04-02 11:52:28+00	borsdata	MSEK
1	51	438	2023	4	2026-04-02 11:52:28+00	borsdata	MSEK
1	51	447	2024	1	2026-04-02 11:52:28+00	borsdata	MSEK
1	51	479	2024	2	2026-04-02 11:52:28+00	borsdata	MSEK
1	51	374	2024	3	2026-04-02 11:52:28+00	borsdata	MSEK
1	51	363	2024	4	2026-04-02 11:52:28+00	borsdata	MSEK
1	51	333	2025	1	2026-04-02 11:52:28+00	borsdata	MSEK
1	51	359	2025	2	2026-04-02 11:52:28+00	borsdata	MSEK
1	51	340	2025	3	2026-04-02 11:52:28+00	borsdata	MSEK
1	51	319	2025	4	2026-04-02 11:52:28+00	borsdata	MSEK
1	91	816	2023	3	2026-04-02 11:52:28+00	borsdata	MSEK
1	91	800	2023	4	2026-04-02 11:52:28+00	borsdata	MSEK
1	91	801	2024	1	2026-04-02 11:52:28+00	borsdata	MSEK
1	91	855	2024	2	2026-04-02 11:52:28+00	borsdata	MSEK
1	91	836	2024	3	2026-04-02 11:52:28+00	borsdata	MSEK
1	91	868	2024	4	2026-04-02 11:52:28+00	borsdata	MSEK
1	91	847	2025	1	2026-04-02 11:52:28+00	borsdata	MSEK
1	91	914	2025	2	2026-04-02 11:52:28+00	borsdata	MSEK
1	91	975	2025	3	2026-04-02 11:52:28+00	borsdata	MSEK
1	91	990	2025	4	2026-04-02 11:52:28+00	borsdata	MSEK
1	72	170	2023	3	2026-04-02 11:52:28+00	borsdata	MSEK
1	72	133	2023	4	2026-04-02 11:52:28+00	borsdata	MSEK
1	72	150	2024	1	2026-04-02 11:52:28+00	borsdata	MSEK
1	72	48.5	2024	2	2026-04-02 11:52:28+00	borsdata	MSEK
1	72	70.2	2024	3	2026-04-02 11:52:28+00	borsdata	MSEK
1	72	63.5	2024	4	2026-04-02 11:52:28+00	borsdata	MSEK
1	72	80.0	2025	1	2026-04-02 11:52:28+00	borsdata	MSEK
1	72	-15.0	2025	2	2026-04-02 11:52:28+00	borsdata	MSEK
1	72	59.9	2025	3	2026-04-02 11:52:28+00	borsdata	MSEK
1	72	33.3	2025	4	2026-04-02 11:52:28+00	borsdata	MSEK
1	45	-13.7	2023	3	2026-04-02 11:52:28+00	borsdata	MSEK
1	45	50.4	2023	4	2026-04-02 11:52:28+00	borsdata	MSEK
1	45	-4.5	2024	1	2026-04-02 11:52:28+00	borsdata	MSEK
1	45	106	2024	2	2026-04-02 11:52:28+00	borsdata	MSEK
1	45	-18.4	2024	3	2026-04-02 11:52:28+00	borsdata	MSEK
1	45	71.7	2024	4	2026-04-02 11:52:28+00	borsdata	MSEK
1	45	-13.0	2025	1	2026-04-02 11:52:28+00	borsdata	MSEK
1	45	104	2025	2	2026-04-02 11:52:28+00	borsdata	MSEK
1	45	-18.5	2025	3	2026-04-02 11:52:28+00	borsdata	MSEK
1	45	50.8	2025	4	2026-04-02 11:52:28+00	borsdata	MSEK
1	44	-8.9	2023	3	2026-04-02 11:52:28+00	borsdata	MSEK
1	44	-11.0	2023	4	2026-04-02 11:52:28+00	borsdata	MSEK
1	44	-9.6	2024	1	2026-04-02 11:52:28+00	borsdata	MSEK
1	44	-7.2	2024	2	2026-04-02 11:52:28+00	borsdata	MSEK
1	44	-3.1	2024	3	2026-04-02 11:52:28+00	borsdata	MSEK
1	44	-2.5	2024	4	2026-04-02 11:52:28+00	borsdata	MSEK
1	44	-3.5	2025	1	2026-04-02 11:52:28+00	borsdata	MSEK
1	44	-9.2	2025	2	2026-04-02 11:52:28+00	borsdata	MSEK
1	44	-5.6	2025	3	2026-04-02 11:52:28+00	borsdata	MSEK
1	44	-13.9	2025	4	2026-04-02 11:52:28+00	borsdata	MSEK
1	43	-7.0	2023	3	2026-04-02 11:52:28+00	borsdata	MSEK
1	43	-7.7	2023	4	2026-04-02 11:52:28+00	borsdata	MSEK
1	43	-11.0	2024	1	2026-04-02 11:52:28+00	borsdata	MSEK
1	43	-4.7	2024	2	2026-04-02 11:52:28+00	borsdata	MSEK
1	43	-7.9	2024	3	2026-04-02 11:52:28+00	borsdata	MSEK
1	43	-32.8	2024	4	2026-04-02 11:52:28+00	borsdata	MSEK
1	43	-7.7	2025	1	2026-04-02 11:52:28+00	borsdata	MSEK
1	43	-7.9	2025	2	2026-04-02 11:52:28+00	borsdata	MSEK
1	43	-8.7	2025	3	2026-04-02 11:52:28+00	borsdata	MSEK
1	43	-9.7	2025	4	2026-04-02 11:52:28+00	borsdata	MSEK
1	113	-29.6	2023	3	2026-04-02 11:52:28+00	borsdata	MSEK
1	113	31.7	2023	4	2026-04-02 11:52:28+00	borsdata	MSEK
1	113	-25.1	2024	1	2026-04-02 11:52:28+00	borsdata	MSEK
1	113	93.9	2024	2	2026-04-02 11:52:28+00	borsdata	MSEK
1	113	-29.5	2024	3	2026-04-02 11:52:28+00	borsdata	MSEK
1	113	36.4	2024	4	2026-04-02 11:52:28+00	borsdata	MSEK
1	113	-24.2	2025	1	2026-04-02 11:52:28+00	borsdata	MSEK
1	113	87.1	2025	2	2026-04-02 11:52:28+00	borsdata	MSEK
1	113	-32.8	2025	3	2026-04-02 11:52:28+00	borsdata	MSEK
1	113	27.2	2025	4	2026-04-02 11:52:28+00	borsdata	MSEK
1	33	-22.6	2023	3	2026-04-02 11:52:28+00	borsdata	MSEK
1	33	39.4	2023	4	2026-04-02 11:52:28+00	borsdata	MSEK
1	33	-14.1	2024	1	2026-04-02 11:52:28+00	borsdata	MSEK
1	33	98.5	2024	2	2026-04-02 11:52:28+00	borsdata	MSEK
1	33	-21.5	2024	3	2026-04-02 11:52:28+00	borsdata	MSEK
1	33	69.2	2024	4	2026-04-02 11:52:28+00	borsdata	MSEK
1	33	-16.5	2025	1	2026-04-02 11:52:28+00	borsdata	MSEK
1	33	94.9	2025	2	2026-04-02 11:52:28+00	borsdata	MSEK
1	33	-24.1	2025	3	2026-04-02 11:52:28+00	borsdata	MSEK
1	33	36.9	2025	4	2026-04-02 11:52:28+00	borsdata	MSEK
1	23	24.7	2023	3	2026-04-02 11:52:28+00	borsdata	MSEK
1	23	37.0	2023	4	2026-04-02 11:52:28+00	borsdata	MSEK
1	23	14.1	2024	1	2026-04-02 11:52:28+00	borsdata	MSEK
1	23	43.3	2024	2	2026-04-02 11:52:28+00	borsdata	MSEK
1	23	38.3	2024	3	2026-04-02 11:52:28+00	borsdata	MSEK
1	23	50.0	2024	4	2026-04-02 11:52:28+00	borsdata	MSEK
1	23	33.1	2025	1	2026-04-02 11:52:28+00	borsdata	MSEK
1	23	68.6	2025	2	2026-04-02 11:52:28+00	borsdata	MSEK
1	23	57.2	2025	3	2026-04-02 11:52:28+00	borsdata	MSEK
1	23	62.8	2025	4	2026-04-02 11:52:28+00	borsdata	MSEK
1	101	657	2023	3	2026-04-02 11:52:28+00	borsdata	MSEK
1	101	621	2023	4	2026-04-02 11:52:28+00	borsdata	MSEK
1	101	624	2024	1	2026-04-02 11:52:28+00	borsdata	MSEK
1	101	651	2024	2	2026-04-02 11:52:28+00	borsdata	MSEK
1	101	610	2024	3	2026-04-02 11:52:28+00	borsdata	MSEK
1	101	631	2024	4	2026-04-02 11:52:28+00	borsdata	MSEK
1	101	593	2025	1	2026-04-02 11:52:28+00	borsdata	MSEK
1	101	608	2025	2	2026-04-02 11:52:28+00	borsdata	MSEK
1	101	627	2025	3	2026-04-02 11:52:28+00	borsdata	MSEK
1	101	583	2025	4	2026-04-02 11:52:28+00	borsdata	MSEK
1	102	816	2023	3	2026-04-02 11:52:28+00	borsdata	MSEK
1	102	800	2023	4	2026-04-02 11:52:28+00	borsdata	MSEK
1	102	801	2024	1	2026-04-02 11:52:28+00	borsdata	MSEK
1	102	855	2024	2	2026-04-02 11:52:28+00	borsdata	MSEK
1	102	836	2024	3	2026-04-02 11:52:28+00	borsdata	MSEK
1	102	868	2024	4	2026-04-02 11:52:28+00	borsdata	MSEK
1	102	847	2025	1	2026-04-02 11:52:28+00	borsdata	MSEK
1	102	914	2025	2	2026-04-02 11:52:28+00	borsdata	MSEK
1	102	975	2025	3	2026-04-02 11:52:28+00	borsdata	MSEK
1	102	990	2025	4	2026-04-02 11:52:28+00	borsdata	MSEK
1	70	7.88	2023	3	2026-04-02 11:52:28+00	borsdata	SEK
1	70	10.05	2023	4	2026-04-02 11:52:28+00	borsdata	SEK
1	70	7.41	2024	1	2026-04-02 11:52:28+00	borsdata	SEK
1	70	10.47	2024	2	2026-04-02 11:52:28+00	borsdata	SEK
1	70	7.99	2024	3	2026-04-02 11:52:28+00	borsdata	SEK
1	70	10.61	2024	4	2026-04-02 11:52:28+00	borsdata	SEK
1	70	8.26	2025	1	2026-04-02 11:52:28+00	borsdata	SEK
1	70	12.06	2025	2	2026-04-02 11:52:28+00	borsdata	SEK
1	70	9.46	2025	3	2026-04-02 11:52:28+00	borsdata	SEK
1	70	12.35	2025	4	2026-04-02 11:52:28+00	borsdata	SEK
1	24	0.82	2023	3	2026-04-02 11:52:28+00	borsdata	SEK
1	24	1.23	2023	4	2026-04-02 11:52:28+00	borsdata	SEK
1	24	0.47	2024	1	2026-04-02 11:52:28+00	borsdata	SEK
1	24	1.44	2024	2	2026-04-02 11:52:28+00	borsdata	SEK
1	24	1.28	2024	3	2026-04-02 11:52:28+00	borsdata	SEK
1	24	1.67	2024	4	2026-04-02 11:52:28+00	borsdata	SEK
1	24	1.10	2025	1	2026-04-02 11:52:28+00	borsdata	SEK
1	24	2.29	2025	2	2026-04-02 11:52:28+00	borsdata	SEK
1	24	1.91	2025	3	2026-04-02 11:52:28+00	borsdata	SEK
1	24	2.09	2025	4	2026-04-02 11:52:28+00	borsdata	SEK
1	109	0.30	2023	3	2026-04-02 11:52:28+00	borsdata	SEK
1	109	0.66	2023	4	2026-04-02 11:52:28+00	borsdata	SEK
1	109	-0.06	2024	1	2026-04-02 11:52:28+00	borsdata	SEK
1	109	0.89	2024	2	2026-04-02 11:52:28+00	borsdata	SEK
1	109	0.74	2024	3	2026-04-02 11:52:28+00	borsdata	SEK
1	109	1.21	2024	4	2026-04-02 11:52:28+00	borsdata	SEK
1	109	0.54	2025	1	2026-04-02 11:52:28+00	borsdata	SEK
1	109	1.75	2025	2	2026-04-02 11:52:28+00	borsdata	SEK
1	109	1.38	2025	3	2026-04-02 11:52:28+00	borsdata	SEK
1	109	1.94	2025	4	2026-04-02 11:52:28+00	borsdata	SEK
1	105	0.00	2023	3	2026-04-02 11:52:28+00	borsdata	SEK
1	105	0.83	2023	4	2026-04-02 11:52:28+00	borsdata	SEK
1	105	0.83	2024	1	2026-04-02 11:52:28+00	borsdata	SEK
1	105	0.83	2024	2	2026-04-02 11:52:28+00	borsdata	SEK
1	105	0.83	2024	3	2026-04-02 11:52:28+00	borsdata	SEK
1	105	0.00	2024	4	2026-04-02 11:52:28+00	borsdata	SEK
1	105	0.00	2025	1	2026-04-02 11:52:28+00	borsdata	SEK
1	105	0.00	2025	2	2026-04-02 11:52:28+00	borsdata	SEK
1	105	0.00	2025	3	2026-04-02 11:52:28+00	borsdata	SEK
1	105	0.00	2025	4	2026-04-02 11:52:28+00	borsdata	SEK
1	26	5.29	2023	3	2026-04-02 11:52:28+00	borsdata	SEK
1	26	5.95	2023	4	2026-04-02 11:52:28+00	borsdata	SEK
1	26	5.89	2024	1	2026-04-02 11:52:28+00	borsdata	SEK
1	26	6.78	2024	2	2026-04-02 11:52:28+00	borsdata	SEK
1	26	7.52	2024	3	2026-04-02 11:52:28+00	borsdata	SEK
1	26	7.90	2024	4	2026-04-02 11:52:28+00	borsdata	SEK
1	26	8.45	2025	1	2026-04-02 11:52:28+00	borsdata	SEK
1	26	10.21	2025	2	2026-04-02 11:52:28+00	borsdata	SEK
1	26	11.60	2025	3	2026-04-02 11:52:28+00	borsdata	SEK
1	26	13.55	2025	4	2026-04-02 11:52:28+00	borsdata	SEK
1	73	5.67	2023	3	2026-04-02 11:52:28+00	borsdata	SEK
1	73	4.42	2023	4	2026-04-02 11:52:28+00	borsdata	SEK
1	73	5.00	2024	1	2026-04-02 11:52:28+00	borsdata	SEK
1	73	1.62	2024	2	2026-04-02 11:52:28+00	borsdata	SEK
1	73	2.34	2024	3	2026-04-02 11:52:28+00	borsdata	SEK
1	73	2.12	2024	4	2026-04-02 11:52:28+00	borsdata	SEK
1	73	2.67	2025	1	2026-04-02 11:52:28+00	borsdata	SEK
1	73	-0.50	2025	2	2026-04-02 11:52:28+00	borsdata	SEK
1	73	2.00	2025	3	2026-04-02 11:52:28+00	borsdata	SEK
1	73	1.11	2025	4	2026-04-02 11:52:28+00	borsdata	SEK
1	76	-0.46	2023	3	2026-04-02 11:52:28+00	borsdata	SEK
1	76	1.68	2023	4	2026-04-02 11:52:28+00	borsdata	SEK
1	76	-0.15	2024	1	2026-04-02 11:52:28+00	borsdata	SEK
1	76	3.52	2024	2	2026-04-02 11:52:28+00	borsdata	SEK
1	76	-0.61	2024	3	2026-04-02 11:52:28+00	borsdata	SEK
1	76	2.39	2024	4	2026-04-02 11:52:28+00	borsdata	SEK
1	76	-0.43	2025	1	2026-04-02 11:52:28+00	borsdata	SEK
1	76	3.47	2025	2	2026-04-02 11:52:28+00	borsdata	SEK
1	76	-0.62	2025	3	2026-04-02 11:52:28+00	borsdata	SEK
1	76	1.69	2025	4	2026-04-02 11:52:28+00	borsdata	SEK
1	27	-0.75	2023	3	2026-04-02 11:52:28+00	borsdata	SEK
1	27	1.31	2023	4	2026-04-02 11:52:28+00	borsdata	SEK
1	27	-0.47	2024	1	2026-04-02 11:52:28+00	borsdata	SEK
1	27	3.28	2024	2	2026-04-02 11:52:28+00	borsdata	SEK
1	27	-0.72	2024	3	2026-04-02 11:52:28+00	borsdata	SEK
1	27	2.31	2024	4	2026-04-02 11:52:28+00	borsdata	SEK
1	27	-0.55	2025	1	2026-04-02 11:52:28+00	borsdata	SEK
1	27	3.16	2025	2	2026-04-02 11:52:28+00	borsdata	SEK
1	27	-0.80	2025	3	2026-04-02 11:52:28+00	borsdata	SEK
1	27	1.23	2025	4	2026-04-02 11:52:28+00	borsdata	SEK
1	112	-0.99	2023	3	2026-04-02 11:52:28+00	borsdata	SEK
1	112	1.06	2023	4	2026-04-02 11:52:28+00	borsdata	SEK
1	112	-0.84	2024	1	2026-04-02 11:52:28+00	borsdata	SEK
1	112	3.13	2024	2	2026-04-02 11:52:28+00	borsdata	SEK
1	112	-0.98	2024	3	2026-04-02 11:52:28+00	borsdata	SEK
1	112	1.21	2024	4	2026-04-02 11:52:28+00	borsdata	SEK
1	112	-0.81	2025	1	2026-04-02 11:52:28+00	borsdata	SEK
1	112	2.90	2025	2	2026-04-02 11:52:28+00	borsdata	SEK
1	112	-1.09	2025	3	2026-04-02 11:52:28+00	borsdata	SEK
1	112	0.91	2025	4	2026-04-02 11:52:28+00	borsdata	SEK
1	25	10.4	2023	3	2026-04-02 11:52:28+00	borsdata	%
1	25	12.3	2023	4	2026-04-02 11:52:28+00	borsdata	%
1	25	6.3	2024	1	2026-04-02 11:52:28+00	borsdata	%
1	25	13.8	2024	2	2026-04-02 11:52:28+00	borsdata	%
1	25	16.0	2024	3	2026-04-02 11:52:28+00	borsdata	%
1	25	15.7	2024	4	2026-04-02 11:52:28+00	borsdata	%
1	25	13.4	2025	1	2026-04-02 11:52:28+00	borsdata	%
1	25	19.0	2025	2	2026-04-02 11:52:28+00	borsdata	%
1	25	20.2	2025	3	2026-04-02 11:52:28+00	borsdata	%
1	25	17.0	2025	4	2026-04-02 11:52:28+00	borsdata	%
1	19	50.7	2023	3	2026-04-02 11:52:28+00	borsdata	%
1	19	50.0	2023	4	2026-04-02 11:52:28+00	borsdata	%
1	19	49.1	2024	1	2026-04-02 11:52:28+00	borsdata	%
1	19	54.8	2024	2	2026-04-02 11:52:28+00	borsdata	%
1	19	54.5	2024	3	2026-04-02 11:52:28+00	borsdata	%
1	19	53.3	2024	4	2026-04-02 11:52:28+00	borsdata	%
1	19	51.6	2025	1	2026-04-02 11:52:28+00	borsdata	%
1	19	54.4	2025	2	2026-04-02 11:52:28+00	borsdata	%
1	19	56.8	2025	3	2026-04-02 11:52:28+00	borsdata	%
1	19	54.0	2025	4	2026-04-02 11:52:28+00	borsdata	%
1	85	5.5	2023	3	2026-04-02 11:52:28+00	borsdata	%
1	85	8.0	2023	4	2026-04-02 11:52:28+00	borsdata	%
1	85	0.6	2024	1	2026-04-02 11:52:28+00	borsdata	%
1	85	9.7	2024	2	2026-04-02 11:52:28+00	borsdata	%
1	85	10.5	2024	3	2026-04-02 11:52:28+00	borsdata	%
1	85	11.4	2024	4	2026-04-02 11:52:28+00	borsdata	%
1	85	8.0	2025	1	2026-04-02 11:52:28+00	borsdata	%
1	85	15.3	2025	2	2026-04-02 11:52:28+00	borsdata	%
1	85	15.3	2025	3	2026-04-02 11:52:28+00	borsdata	%
1	85	12.9	2025	4	2026-04-02 11:52:28+00	borsdata	%
1	110	3.8	2023	3	2026-04-02 11:52:28+00	borsdata	%
1	110	6.5	2023	4	2026-04-02 11:52:28+00	borsdata	%
1	110	-0.9	2024	1	2026-04-02 11:52:28+00	borsdata	%
1	110	8.5	2024	2	2026-04-02 11:52:28+00	borsdata	%
1	110	9.3	2024	3	2026-04-02 11:52:28+00	borsdata	%
1	110	11.4	2024	4	2026-04-02 11:52:28+00	borsdata	%
1	110	6.6	2025	1	2026-04-02 11:52:28+00	borsdata	%
1	110	14.5	2025	2	2026-04-02 11:52:28+00	borsdata	%
1	110	14.6	2025	3	2026-04-02 11:52:28+00	borsdata	%
1	110	15.7	2025	4	2026-04-02 11:52:28+00	borsdata	%
1	38	7.8	2023	3	2026-04-02 11:52:28+00	borsdata	%
1	38	8.5	2023	4	2026-04-02 11:52:28+00	borsdata	%
1	38	9.3	2024	1	2026-04-02 11:52:28+00	borsdata	%
1	38	9.3	2024	2	2026-04-02 11:52:28+00	borsdata	%
1	38	9.5	2024	3	2026-04-02 11:52:28+00	borsdata	%
1	38	9.0	2024	4	2026-04-02 11:52:28+00	borsdata	%
1	38	9.2	2025	1	2026-04-02 11:52:28+00	borsdata	%
1	38	8.9	2025	2	2026-04-02 11:52:28+00	borsdata	%
1	38	8.5	2025	3	2026-04-02 11:52:28+00	borsdata	%
1	38	8.5	2025	4	2026-04-02 11:52:28+00	borsdata	%
1	41	14.8	2023	3	2026-04-02 11:52:28+00	borsdata	%
1	41	18.9	2023	4	2026-04-02 11:52:28+00	borsdata	%
1	41	15.7	2024	1	2026-04-02 11:52:28+00	borsdata	%
1	41	25.7	2024	2	2026-04-02 11:52:28+00	borsdata	%
1	41	22.8	2024	3	2026-04-02 11:52:28+00	borsdata	%
1	41	22.7	2024	4	2026-04-02 11:52:28+00	borsdata	%
1	41	20.4	2025	1	2026-04-02 11:52:28+00	borsdata	%
1	41	28.4	2025	2	2026-04-02 11:52:28+00	borsdata	%
1	41	23.3	2025	3	2026-04-02 11:52:28+00	borsdata	%
1	41	25.6	2025	4	2026-04-02 11:52:28+00	borsdata	%
1	84	-8.9	2023	3	2026-04-02 11:52:28+00	borsdata	%
1	84	-9.0	2023	4	2026-04-02 11:52:28+00	borsdata	%
1	84	-10.1	2024	1	2026-04-02 11:52:28+00	borsdata	%
1	84	-6.0	2024	2	2026-04-02 11:52:28+00	borsdata	%
1	84	5.4	2024	3	2026-04-02 11:52:28+00	borsdata	%
1	84	7.1	2024	4	2026-04-02 11:52:28+00	borsdata	%
1	84	9.6	2025	1	2026-04-02 11:52:28+00	borsdata	%
1	84	13.8	2025	2	2026-04-02 11:52:28+00	borsdata	%
1	84	16.8	2025	3	2026-04-02 11:52:28+00	borsdata	%
1	84	17.3	2025	4	2026-04-02 11:52:28+00	borsdata	%
1	88	19.5	2023	3	2026-04-02 11:52:28+00	borsdata	%
1	88	22.3	2023	4	2026-04-02 11:52:28+00	borsdata	%
1	88	22.1	2024	1	2026-04-02 11:52:28+00	borsdata	%
1	88	23.8	2024	2	2026-04-02 11:52:28+00	borsdata	%
1	88	27.0	2024	3	2026-04-02 11:52:28+00	borsdata	%
1	88	27.3	2024	4	2026-04-02 11:52:28+00	borsdata	%
1	88	29.9	2025	1	2026-04-02 11:52:28+00	borsdata	%
1	88	33.5	2025	2	2026-04-02 11:52:28+00	borsdata	%
1	88	35.7	2025	3	2026-04-02 11:52:28+00	borsdata	%
1	88	41.1	2025	4	2026-04-02 11:52:28+00	borsdata	%
1	11	-18.3	2023	3	2026-04-02 11:52:28+00	borsdata	%
1	11	-0.8	2023	4	2026-04-02 11:52:28+00	borsdata	%
1	11	17.8	2024	1	2026-04-02 11:52:28+00	borsdata	%
1	11	26.4	2024	2	2026-04-02 11:52:28+00	borsdata	%
1	11	29.6	2024	3	2026-04-02 11:52:28+00	borsdata	%
1	11	35.2	2024	4	2026-04-02 11:52:28+00	borsdata	%
1	11	40.1	2025	1	2026-04-02 11:52:28+00	borsdata	%
1	11	41.6	2025	2	2026-04-02 11:52:28+00	borsdata	%
1	11	42.1	2025	3	2026-04-02 11:52:28+00	borsdata	%
1	11	41.5	2025	4	2026-04-02 11:52:28+00	borsdata	%
1	12	-3.6	2023	3	2026-04-02 11:52:28+00	borsdata	%
1	12	-0.2	2023	4	2026-04-02 11:52:28+00	borsdata	%
1	12	3.9	2024	1	2026-04-02 11:52:28+00	borsdata	%
1	12	6.3	2024	2	2026-04-02 11:52:28+00	borsdata	%
1	12	8.0	2024	3	2026-04-02 11:52:28+00	borsdata	%
1	12	9.6	2024	4	2026-04-02 11:52:28+00	borsdata	%
1	12	12.0	2025	1	2026-04-02 11:52:28+00	borsdata	%
1	12	13.9	2025	2	2026-04-02 11:52:28+00	borsdata	%
1	12	15.0	2025	3	2026-04-02 11:52:28+00	borsdata	%
1	12	17.0	2025	4	2026-04-02 11:52:28+00	borsdata	%
1	72	20.8	2023	3	2026-04-02 11:52:28+00	borsdata	%
1	72	16.6	2023	4	2026-04-02 11:52:28+00	borsdata	%
1	72	18.7	2024	1	2026-04-02 11:52:28+00	borsdata	%
1	72	5.7	2024	2	2026-04-02 11:52:28+00	borsdata	%
1	72	8.4	2024	3	2026-04-02 11:52:28+00	borsdata	%
1	72	7.3	2024	4	2026-04-02 11:52:28+00	borsdata	%
1	72	9.5	2025	1	2026-04-02 11:52:28+00	borsdata	%
1	72	-1.6	2025	2	2026-04-02 11:52:28+00	borsdata	%
1	72	6.1	2025	3	2026-04-02 11:52:28+00	borsdata	%
1	72	3.4	2025	4	2026-04-02 11:52:28+00	borsdata	%
1	75	-5.8	2023	3	2026-04-02 11:52:28+00	borsdata	%
1	75	16.7	2023	4	2026-04-02 11:52:28+00	borsdata	%
1	75	-2.0	2024	1	2026-04-02 11:52:28+00	borsdata	%
1	75	33.7	2024	2	2026-04-02 11:52:28+00	borsdata	%
1	75	-7.7	2024	3	2026-04-02 11:52:28+00	borsdata	%
1	75	22.5	2024	4	2026-04-02 11:52:28+00	borsdata	%
1	75	-5.2	2025	1	2026-04-02 11:52:28+00	borsdata	%
1	75	28.8	2025	2	2026-04-02 11:52:28+00	borsdata	%
1	75	-6.5	2025	3	2026-04-02 11:52:28+00	borsdata	%
1	75	13.7	2025	4	2026-04-02 11:52:28+00	borsdata	%
1	21	-65.0	2023	3	2026-04-02 11:52:28+00	borsdata	%
1	21	21.8	2023	4	2026-04-02 11:52:28+00	borsdata	%
1	21	-213.3	2024	1	2026-04-02 11:52:28+00	borsdata	%
1	21	6.8	2024	2	2026-04-02 11:52:28+00	borsdata	%
1	21	-16.8	2024	3	2026-04-02 11:52:28+00	borsdata	%
1	21	3.5	2024	4	2026-04-02 11:52:28+00	borsdata	%
1	21	-26.9	2025	1	2026-04-02 11:52:28+00	borsdata	%
1	21	8.8	2025	2	2026-04-02 11:52:28+00	borsdata	%
1	21	-30.3	2025	3	2026-04-02 11:52:28+00	borsdata	%
1	21	27.4	2025	4	2026-04-02 11:52:28+00	borsdata	%
1	28	-9.6	2023	3	2026-04-02 11:52:28+00	borsdata	%
1	28	13.1	2023	4	2026-04-02 11:52:28+00	borsdata	%
1	28	-6.3	2024	1	2026-04-02 11:52:28+00	borsdata	%
1	28	31.4	2024	2	2026-04-02 11:52:28+00	borsdata	%
1	28	-9.0	2024	3	2026-04-02 11:52:28+00	borsdata	%
1	28	21.7	2024	4	2026-04-02 11:52:28+00	borsdata	%
1	28	-6.7	2025	1	2026-04-02 11:52:28+00	borsdata	%
1	28	26.2	2025	2	2026-04-02 11:52:28+00	borsdata	%
1	28	-8.5	2025	3	2026-04-02 11:52:28+00	borsdata	%
1	28	10.0	2025	4	2026-04-02 11:52:28+00	borsdata	%
1	106	0.0	2023	3	2026-04-02 11:52:28+00	borsdata	%
1	106	68.4	2023	4	2026-04-02 11:52:28+00	borsdata	%
1	106	32.4	2024	1	2026-04-02 11:52:28+00	borsdata	%
1	106	24.6	2024	2	2026-04-02 11:52:28+00	borsdata	%
1	106	24.3	2024	3	2026-04-02 11:52:28+00	borsdata	%
1	106	0.0	2024	4	2026-04-02 11:52:28+00	borsdata	%
1	106	0.0	2025	1	2026-04-02 11:52:28+00	borsdata	%
1	106	0.0	2025	2	2026-04-02 11:52:28+00	borsdata	%
1	106	0.0	2025	3	2026-04-02 11:52:28+00	borsdata	%
1	106	0.0	2025	4	2026-04-02 11:52:28+00	borsdata	%
1	111	-12.5	2023	3	2026-04-02 11:52:28+00	borsdata	%
1	111	10.5	2023	4	2026-04-02 11:52:28+00	borsdata	%
1	111	-11.3	2024	1	2026-04-02 11:52:28+00	borsdata	%
1	111	29.9	2024	2	2026-04-02 11:52:28+00	borsdata	%
1	111	-12.3	2024	3	2026-04-02 11:52:28+00	borsdata	%
1	111	11.4	2024	4	2026-04-02 11:52:28+00	borsdata	%
1	111	-9.8	2025	1	2026-04-02 11:52:28+00	borsdata	%
1	111	24.1	2025	2	2026-04-02 11:52:28+00	borsdata	%
1	111	-11.6	2025	3	2026-04-02 11:52:28+00	borsdata	%
1	111	7.3	2025	4	2026-04-02 11:52:28+00	borsdata	%
1	4	12.55	2023	3	2026-04-02 11:52:28+00	borsdata	SEK
1	4	16.80	2023	4	2026-04-02 11:52:28+00	borsdata	SEK
1	4	16.64	2024	1	2026-04-02 11:52:28+00	borsdata	SEK
1	4	25.00	2024	2	2026-04-02 11:52:28+00	borsdata	SEK
1	4	29.35	2024	3	2026-04-02 11:52:28+00	borsdata	SEK
1	4	36.15	2024	4	2026-04-02 11:52:28+00	borsdata	SEK
1	4	39.44	2025	1	2026-04-02 11:52:28+00	borsdata	SEK
1	4	57.30	2025	2	2026-04-02 11:52:28+00	borsdata	SEK
1	4	101.00	2025	3	2026-04-02 11:52:28+00	borsdata	SEK
1	4	76.90	2025	4	2026-04-02 11:52:28+00	borsdata	SEK
1	2	15.05	2023	3	2026-04-02 11:52:28+00	borsdata	SEK
1	2	18.00	2023	4	2026-04-02 11:52:28+00	borsdata	SEK
1	2	18.35	2024	1	2026-04-02 11:52:28+00	borsdata	SEK
1	2	25.80	2024	2	2026-04-02 11:52:28+00	borsdata	SEK
1	2	29.90	2024	3	2026-04-02 11:52:28+00	borsdata	SEK
1	2	41.00	2024	4	2026-04-02 11:52:28+00	borsdata	SEK
1	2	41.00	2025	1	2026-04-02 11:52:28+00	borsdata	SEK
1	2	59.40	2025	2	2026-04-02 11:52:28+00	borsdata	SEK
1	2	110.00	2025	3	2026-04-02 11:52:28+00	borsdata	SEK
1	2	135.60	2025	4	2026-04-02 11:52:28+00	borsdata	SEK
1	3	9.14	2023	3	2026-04-02 11:52:28+00	borsdata	SEK
1	3	12.05	2023	4	2026-04-02 11:52:28+00	borsdata	SEK
1	3	14.28	2024	1	2026-04-02 11:52:28+00	borsdata	SEK
1	3	14.28	2024	2	2026-04-02 11:52:28+00	borsdata	SEK
1	3	23.20	2024	3	2026-04-02 11:52:28+00	borsdata	SEK
1	3	26.15	2024	4	2026-04-02 11:52:28+00	borsdata	SEK
1	3	28.56	2025	1	2026-04-02 11:52:28+00	borsdata	SEK
1	3	36.59	2025	2	2026-04-02 11:52:28+00	borsdata	SEK
1	3	60.50	2025	3	2026-04-02 11:52:28+00	borsdata	SEK
1	3	63.50	2025	4	2026-04-02 11:52:28+00	borsdata	SEK
1	66	236.4	2023	3	2026-04-02 12:39:04+00	report	MSEK
1	53	-116.6	2023	3	2026-04-02 12:39:04+00	report	MSEK
1	20	119.8	2023	3	2026-04-02 12:39:04+00	report	MSEK
1	19	50.7	2023	3	2026-04-02 12:39:04+00	report	%
1	55	-33.7	2023	3	2026-04-02 12:39:04+00	report	MSEK
1	62	-21.1	2023	3	2026-04-02 12:39:04+00	report	MSEK
1	1	-52.1	2023	3	2026-04-02 12:39:04+00	report	MSEK
1	86	12.8	2023	3	2026-04-02 12:39:04+00	report	MSEK
1	85	5.4	2023	3	2026-04-02 12:39:04+00	report	%
1	32	-3.5	2023	3	2026-04-02 12:39:04+00	report	MSEK
1	81	9.3	2023	3	2026-04-02 12:39:04+00	report	MSEK
1	87	-0.2	2023	3	2026-04-02 12:39:04+00	report	MSEK
1	80	9.1	2023	3	2026-04-02 12:39:04+00	report	MSEK
1	82	0.3	2023	3	2026-04-02 12:39:04+00	report	SEK
1	107	30.0	2023	3	2026-04-02 12:39:04+00	report	Milj
1	37	39.7	2023	3	2026-04-02 12:39:04+00	report	MSEK
1	114	24.1	2023	3	2026-04-02 12:39:04+00	report	MSEK
1	64	12.8	2023	3	2026-04-02 12:39:04+00	report	MSEK
1	74	275.2	2023	3	2026-04-02 12:39:04+00	report	MSEK
1	104	74.8	2023	3	2026-04-02 12:39:04+00	report	MSEK
1	22	8.0	2023	3	2026-04-02 12:39:04+00	report	MSEK
1	94	434.7	2023	3	2026-04-02 12:39:04+00	report	MSEK
1	108	207.0	2023	3	2026-04-02 12:39:04+00	report	MSEK
1	52	53.8	2023	3	2026-04-02 12:39:04+00	report	MSEK
1	60	120.4	2023	3	2026-04-02 12:39:04+00	report	MSEK
1	99	381.1	2023	3	2026-04-02 12:39:04+00	report	MSEK
1	100	815.8	2023	3	2026-04-02 12:39:04+00	report	MSEK
1	95	158.7	2023	3	2026-04-02 12:39:04+00	report	MSEK
1	18	0.0	2023	3	2026-04-02 12:39:04+00	report	MSEK
1	58	203.5	2023	3	2026-04-02 12:39:04+00	report	MSEK
1	98	203.5	2023	3	2026-04-02 12:39:04+00	report	MSEK
1	57	86.9	2023	3	2026-04-02 12:39:04+00	report	MSEK
1	59	119.3	2023	3	2026-04-02 12:39:04+00	report	MSEK
1	115	103.2	2023	3	2026-04-02 12:39:04+00	report	MSEK
1	103	144.2	2023	3	2026-04-02 12:39:04+00	report	MSEK
1	97	453.6	2023	3	2026-04-02 12:39:04+00	report	MSEK
1	96	815.8	2023	3	2026-04-02 12:39:04+00	report	MSEK
1	47	20.6	2023	3	2026-04-02 12:39:04+00	report	MSEK
1	35	-34.4	2023	3	2026-04-02 12:39:04+00	report	MSEK
1	46	-13.8	2023	3	2026-04-02 12:39:04+00	report	MSEK
1	40	-8.9	2023	3	2026-04-02 12:39:04+00	report	MSEK
1	49	-8.9	2023	3	2026-04-02 12:39:04+00	report	MSEK
1	48	-7.1	2023	3	2026-04-02 12:39:04+00	report	MSEK
1	77	-29.7	2023	3	2026-04-02 12:39:04+00	report	MSEK
1	71	-16.9	2023	3	2026-04-02 12:39:04+00	report	%
1	83	34.3	2023	3	2026-04-02 12:39:04+00	report	%
1	54	18.1	2023	3	2026-04-02 12:39:04+00	report	%
1	34	39.4	2023	3	2026-04-02 12:39:04+00	report	%
1	56	14.3	2023	3	2026-04-02 12:39:04+00	report	%
1	63	8.9	2023	3	2026-04-02 12:39:04+00	report	%
1	7	1032	2023	3	2026-04-02 12:39:04+00	report	st
1	9	18956	2023	3	2026-04-02 12:39:04+00	report	st
1	10	393	2023	3	2026-04-02 12:39:04+00	report	st
1	36	817	2023	3	2026-04-02 12:39:04+00	report	SEK
1	50	2.1	2023	3	2026-04-02 12:39:04+00	report	%
1	8	148	2023	3	2026-04-02 12:39:04+00	report	st
1	5	59	2023	3	2026-04-02 12:39:04+00	report	%
1	16	-0.8	2023	3	2026-04-02 12:39:04+00	report	MSEK
1	15	-2.6	2023	3	2026-04-02 12:39:04+00	report	MSEK
1	14	-3.3	2023	3	2026-04-02 12:39:04+00	report	MSEK
1	17	-8.5	2023	3	2026-04-02 12:39:04+00	report	MSEK
1	13	-11.8	2023	3	2026-04-02 12:39:04+00	report	MSEK
1	68	120.8	2023	3	2026-04-02 12:39:04+00	report	MSEK
1	67	233.7	2023	3	2026-04-02 12:39:04+00	report	MSEK
1	69	2.7	2023	3	2026-04-02 12:39:04+00	report	MSEK
1	66	301.6	2023	4	2026-04-02 12:39:04+00	report	MSEK
1	53	-150.7	2023	4	2026-04-02 12:39:04+00	report	MSEK
1	20	150.9	2023	4	2026-04-02 12:39:04+00	report	MSEK
1	19	50.0	2023	4	2026-04-02 12:39:04+00	report	%
1	55	-45.6	2023	4	2026-04-02 12:39:04+00	report	MSEK
1	62	-26.0	2023	4	2026-04-02 12:39:04+00	report	MSEK
1	1	-55.3	2023	4	2026-04-02 12:39:04+00	report	MSEK
1	86	24.0	2023	4	2026-04-02 12:39:04+00	report	MSEK
1	85	8.0	2023	4	2026-04-02 12:39:04+00	report	%
1	32	-4.6	2023	4	2026-04-02 12:39:04+00	report	MSEK
1	81	19.4	2023	4	2026-04-02 12:39:04+00	report	MSEK
1	87	0.3	2023	4	2026-04-02 12:39:04+00	report	MSEK
1	80	19.7	2023	4	2026-04-02 12:39:04+00	report	MSEK
1	82	0.66	2023	4	2026-04-02 12:39:04+00	report	SEK
1	107	30.0	2023	4	2026-04-02 12:39:04+00	report	Milj
1	37	39.7	2023	4	2026-04-02 12:39:04+00	report	MSEK
1	114	28.0	2023	4	2026-04-02 12:39:04+00	report	MSEK
1	64	16.3	2023	4	2026-04-02 12:39:04+00	report	MSEK
1	74	267.0	2023	4	2026-04-02 12:39:04+00	report	MSEK
1	104	75.1	2023	4	2026-04-02 12:39:04+00	report	MSEK
1	22	8.0	2023	4	2026-04-02 12:39:04+00	report	MSEK
1	94	434.2	2023	4	2026-04-02 12:39:04+00	report	MSEK
1	108	152.3	2023	4	2026-04-02 12:39:04+00	report	MSEK
1	52	62.3	2023	4	2026-04-02 12:39:04+00	report	MSEK
1	60	151.1	2023	4	2026-04-02 12:39:04+00	report	MSEK
1	99	365.7	2023	4	2026-04-02 12:39:04+00	report	MSEK
1	100	799.8	2023	4	2026-04-02 12:39:04+00	report	MSEK
1	95	178.6	2023	4	2026-04-02 12:39:04+00	report	MSEK
1	18	0.0	2023	4	2026-04-02 12:39:04+00	report	MSEK
1	58	183.3	2023	4	2026-04-02 12:39:04+00	report	MSEK
1	98	183.3	2023	4	2026-04-02 12:39:04+00	report	MSEK
1	57	100.3	2023	4	2026-04-02 12:39:04+00	report	MSEK
1	59	90.4	2023	4	2026-04-02 12:39:04+00	report	MSEK
1	115	110.4	2023	4	2026-04-02 12:39:04+00	report	MSEK
1	103	136.8	2023	4	2026-04-02 12:39:04+00	report	MSEK
1	97	438.0	2023	4	2026-04-02 12:39:04+00	report	MSEK
1	96	799.8	2023	4	2026-04-02 12:39:04+00	report	MSEK
1	47	36.8	2023	4	2026-04-02 12:39:04+00	report	MSEK
1	35	13.6	2023	4	2026-04-02 12:39:04+00	report	MSEK
1	46	50.4	2023	4	2026-04-02 12:39:04+00	report	MSEK
1	40	-11.0	2023	4	2026-04-02 12:39:04+00	report	MSEK
1	49	-11.0	2023	4	2026-04-02 12:39:04+00	report	MSEK
1	48	-7.8	2023	4	2026-04-02 12:39:04+00	report	MSEK
1	77	31.6	2023	4	2026-04-02 12:39:04+00	report	MSEK
1	71	-22.1	2023	4	2026-04-02 12:39:04+00	report	%
1	83	33.0	2023	4	2026-04-02 12:39:04+00	report	%
1	54	14.4	2023	4	2026-04-02 12:39:04+00	report	%
1	34	36.3	2023	4	2026-04-02 12:39:04+00	report	%
1	56	15.1	2023	4	2026-04-02 12:39:04+00	report	%
1	63	8.6	2023	4	2026-04-02 12:39:04+00	report	%
1	7	973	2023	4	2026-04-02 12:39:04+00	report	st
1	9	23736	2023	4	2026-04-02 12:39:04+00	report	st
1	10	512	2023	4	2026-04-02 12:39:04+00	report	st
1	36	771	2023	4	2026-04-02 12:39:04+00	report	SEK
1	50	2.2	2023	4	2026-04-02 12:39:04+00	report	%
1	8	153	2023	4	2026-04-02 12:39:04+00	report	st
1	5	62	2023	4	2026-04-02 12:39:04+00	report	%
1	16	-1.2	2023	4	2026-04-02 12:39:04+00	report	MSEK
1	15	-2.3	2023	4	2026-04-02 12:39:04+00	report	MSEK
1	14	-3.5	2023	4	2026-04-02 12:39:04+00	report	MSEK
1	17	-9.3	2023	4	2026-04-02 12:39:04+00	report	MSEK
1	13	-12.8	2023	4	2026-04-02 12:39:04+00	report	MSEK
1	68	158.0	2023	4	2026-04-02 12:39:04+00	report	MSEK
1	67	297.5	2023	4	2026-04-02 12:39:04+00	report	MSEK
1	69	4.2	2023	4	2026-04-02 12:39:04+00	report	MSEK
1	66	222.2	2024	1	2026-04-02 12:39:04+00	report	MSEK
1	53	-113.1	2024	1	2026-04-02 12:39:04+00	report	MSEK
1	20	109.1	2024	1	2026-04-02 12:39:04+00	report	MSEK
1	19	49.1	2024	1	2026-04-02 12:39:04+00	report	%
1	55	-32.4	2024	1	2026-04-02 12:39:04+00	report	MSEK
1	62	-21.3	2024	1	2026-04-02 12:39:04+00	report	MSEK
1	1	-54.1	2024	1	2026-04-02 12:39:04+00	report	MSEK
1	86	1.4	2024	1	2026-04-02 12:39:04+00	report	MSEK
1	85	0.6	2024	1	2026-04-02 12:39:04+00	report	%
1	32	-3.6	2024	1	2026-04-02 12:39:04+00	report	MSEK
1	81	-2.2	2024	1	2026-04-02 12:39:04+00	report	MSEK
1	87	0.3	2024	1	2026-04-02 12:39:04+00	report	MSEK
1	80	-1.9	2024	1	2026-04-02 12:39:04+00	report	MSEK
1	82	-0.06	2024	1	2026-04-02 12:39:04+00	report	SEK
1	107	30.0	2024	1	2026-04-02 12:39:04+00	report	Milj
1	37	39.7	2024	1	2026-04-02 12:39:04+00	report	MSEK
1	114	34.6	2024	1	2026-04-02 12:39:04+00	report	MSEK
1	64	15.9	2024	1	2026-04-02 12:39:04+00	report	MSEK
1	74	257.9	2024	1	2026-04-02 12:39:04+00	report	MSEK
1	104	75.4	2024	1	2026-04-02 12:39:04+00	report	MSEK
1	22	11.2	2024	1	2026-04-02 12:39:04+00	report	MSEK
1	94	434.8	2024	1	2026-04-02 12:39:04+00	report	MSEK
1	108	174.5	2024	1	2026-04-02 12:39:04+00	report	MSEK
1	52	65.6	2024	1	2026-04-02 12:39:04+00	report	MSEK
1	60	126.0	2024	1	2026-04-02 12:39:04+00	report	MSEK
1	99	366.0	2024	1	2026-04-02 12:39:04+00	report	MSEK
1	100	800.8	2024	1	2026-04-02 12:39:04+00	report	MSEK
1	95	176.6	2024	1	2026-04-02 12:39:04+00	report	MSEK
1	18	0.0	2024	1	2026-04-02 12:39:04+00	report	MSEK
1	58	177.8	2024	1	2026-04-02 12:39:04+00	report	MSEK
1	98	177.8	2024	1	2026-04-02 12:39:04+00	report	MSEK
1	57	98.3	2024	1	2026-04-02 12:39:04+00	report	MSEK
1	59	105.1	2024	1	2026-04-02 12:39:04+00	report	MSEK
1	115	102.9	2024	1	2026-04-02 12:39:04+00	report	MSEK
1	103	140.1	2024	1	2026-04-02 12:39:04+00	report	MSEK
1	97	446.5	2024	1	2026-04-02 12:39:04+00	report	MSEK
1	96	800.8	2024	1	2026-04-02 12:39:04+00	report	MSEK
1	47	11.7	2024	1	2026-04-02 12:39:04+00	report	MSEK
1	35	-16.2	2024	1	2026-04-02 12:39:04+00	report	MSEK
1	46	-4.5	2024	1	2026-04-02 12:39:04+00	report	MSEK
1	40	-9.6	2024	1	2026-04-02 12:39:04+00	report	MSEK
1	49	-9.6	2024	1	2026-04-02 12:39:04+00	report	MSEK
1	48	-11.0	2024	1	2026-04-02 12:39:04+00	report	MSEK
1	77	-25.1	2024	1	2026-04-02 12:39:04+00	report	MSEK
1	71	-5.1	2024	1	2026-04-02 12:39:04+00	report	%
1	83	33.4	2024	1	2026-04-02 12:39:04+00	report	%
1	54	16.6	2024	1	2026-04-02 12:39:04+00	report	%
1	34	39.9	2024	1	2026-04-02 12:39:04+00	report	%
1	56	14.6	2024	1	2026-04-02 12:39:04+00	report	%
1	63	9.6	2024	1	2026-04-02 12:39:04+00	report	%
1	7	943	2024	1	2026-04-02 12:39:04+00	report	st
1	9	19008	2024	1	2026-04-02 12:39:04+00	report	st
1	10	369	2024	1	2026-04-02 12:39:04+00	report	st
1	36	810	2024	1	2026-04-02 12:39:04+00	report	SEK
1	50	1.9	2024	1	2026-04-02 12:39:04+00	report	%
1	8	150	2024	1	2026-04-02 12:39:04+00	report	st
1	5	62	2024	1	2026-04-02 12:39:04+00	report	%
1	16	-1.2	2024	1	2026-04-02 12:39:04+00	report	MSEK
1	15	-2.2	2024	1	2026-04-02 12:39:04+00	report	MSEK
1	14	-3.4	2024	1	2026-04-02 12:39:04+00	report	MSEK
1	17	-9.3	2024	1	2026-04-02 12:39:04+00	report	MSEK
1	13	-12.7	2024	1	2026-04-02 12:39:04+00	report	MSEK
1	68	112.6	2024	1	2026-04-02 12:39:04+00	report	MSEK
1	67	219.2	2024	1	2026-04-02 12:39:04+00	report	MSEK
1	69	3.0	2024	1	2026-04-02 12:39:04+00	report	MSEK
1	66	314.1	2024	2	2026-04-02 12:39:04+00	report	MSEK
1	53	-142.2	2024	2	2026-04-02 12:39:04+00	report	MSEK
1	20	171.9	2024	2	2026-04-02 12:39:04+00	report	MSEK
1	19	54.7	2024	2	2026-04-02 12:39:04+00	report	%
1	55	-42.1	2024	2	2026-04-02 12:39:04+00	report	MSEK
1	62	-40.9	2024	2	2026-04-02 12:39:04+00	report	MSEK
1	1	-58.5	2024	2	2026-04-02 12:39:04+00	report	MSEK
1	86	30.5	2024	2	2026-04-02 12:39:04+00	report	MSEK
1	85	9.7	2024	2	2026-04-02 12:39:04+00	report	%
1	32	-4.0	2024	2	2026-04-02 12:39:04+00	report	MSEK
1	81	26.4	2024	2	2026-04-02 12:39:04+00	report	MSEK
1	87	0.3	2024	2	2026-04-02 12:39:04+00	report	MSEK
1	80	26.7	2024	2	2026-04-02 12:39:04+00	report	MSEK
1	82	0.89	2024	2	2026-04-02 12:39:04+00	report	SEK
1	107	30.0	2024	2	2026-04-02 12:39:04+00	report	Milj
1	37	39.7	2024	2	2026-04-02 12:39:04+00	report	MSEK
1	114	39.6	2024	2	2026-04-02 12:39:04+00	report	MSEK
1	64	14.6	2024	2	2026-04-02 12:39:04+00	report	MSEK
1	74	248.9	2024	2	2026-04-02 12:39:04+00	report	MSEK
1	104	75.7	2024	2	2026-04-02 12:39:04+00	report	MSEK
1	22	8.0	2024	2	2026-04-02 12:39:04+00	report	MSEK
1	94	426.6	2024	2	2026-04-02 12:39:04+00	report	MSEK
1	108	155.8	2024	2	2026-04-02 12:39:04+00	report	MSEK
1	52	52.2	2024	2	2026-04-02 12:39:04+00	report	MSEK
1	60	219.9	2024	2	2026-04-02 12:39:04+00	report	MSEK
1	99	427.9	2024	2	2026-04-02 12:39:04+00	report	MSEK
1	100	854.5	2024	2	2026-04-02 12:39:04+00	report	MSEK
1	95	203.3	2024	2	2026-04-02 12:39:04+00	report	MSEK
1	18	0.0	2024	2	2026-04-02 12:39:04+00	report	MSEK
1	58	172.2	2024	2	2026-04-02 12:39:04+00	report	MSEK
1	98	172.2	2024	2	2026-04-02 12:39:04+00	report	MSEK
1	57	96.2	2024	2	2026-04-02 12:39:04+00	report	MSEK
1	59	123.7	2024	2	2026-04-02 12:39:04+00	report	MSEK
1	115	110.2	2024	2	2026-04-02 12:39:04+00	report	MSEK
1	103	148.9	2024	2	2026-04-02 12:39:04+00	report	MSEK
1	97	478.9	2024	2	2026-04-02 12:39:04+00	report	MSEK
1	96	854.5	2024	2	2026-04-02 12:39:04+00	report	MSEK
1	47	38.4	2024	2	2026-04-02 12:39:04+00	report	MSEK
1	35	67.4	2024	2	2026-04-02 12:39:04+00	report	MSEK
1	46	105.8	2024	2	2026-04-02 12:39:04+00	report	MSEK
1	40	-7.2	2024	2	2026-04-02 12:39:04+00	report	MSEK
1	49	-7.2	2024	2	2026-04-02 12:39:04+00	report	MSEK
1	48	-4.7	2024	2	2026-04-02 12:39:04+00	report	MSEK
1	77	93.9	2024	2	2026-04-02 12:39:04+00	report	MSEK
1	71	8.8	2024	2	2026-04-02 12:39:04+00	report	%
1	83	31.3	2024	2	2026-04-02 12:39:04+00	report	%
1	54	14.5	2024	2	2026-04-02 12:39:04+00	report	%
1	34	43.8	2024	2	2026-04-02 12:39:04+00	report	%
1	56	13.4	2024	2	2026-04-02 12:39:04+00	report	%
1	63	13.0	2024	2	2026-04-02 12:39:04+00	report	%
1	7	926	2024	2	2026-04-02 12:39:04+00	report	st
1	9	24826	2024	2	2026-04-02 12:39:04+00	report	st
1	10	502	2024	2	2026-04-02 12:39:04+00	report	st
1	36	809	2024	2	2026-04-02 12:39:04+00	report	SEK
1	50	2.0	2024	2	2026-04-02 12:39:04+00	report	%
1	8	151	2024	2	2026-04-02 12:39:04+00	report	st
1	5	60	2024	2	2026-04-02 12:39:04+00	report	%
1	16	-1.3	2024	2	2026-04-02 12:39:04+00	report	MSEK
1	15	-2.2	2024	2	2026-04-02 12:39:04+00	report	MSEK
1	14	-3.5	2024	2	2026-04-02 12:39:04+00	report	MSEK
1	17	-9.3	2024	2	2026-04-02 12:39:04+00	report	MSEK
1	13	-12.8	2024	2	2026-04-02 12:39:04+00	report	MSEK
1	68	163.6	2024	2	2026-04-02 12:39:04+00	report	MSEK
1	67	310.9	2024	2	2026-04-02 12:39:04+00	report	MSEK
1	69	3.1	2024	2	2026-04-02 12:39:04+00	report	MSEK
1	66	239.6	2024	3	2026-04-02 12:39:04+00	report	MSEK
1	53	-109.0	2024	3	2026-04-02 12:39:04+00	report	MSEK
1	20	130.7	2024	3	2026-04-02 12:39:04+00	report	MSEK
1	19	54.5	2024	3	2026-04-02 12:39:04+00	report	%
1	55	-28.0	2024	3	2026-04-02 12:39:04+00	report	MSEK
1	62	-23.8	2024	3	2026-04-02 12:39:04+00	report	MSEK
1	1	-53.8	2024	3	2026-04-02 12:39:04+00	report	MSEK
1	86	25.1	2024	3	2026-04-02 12:39:04+00	report	MSEK
1	85	10.5	2024	3	2026-04-02 12:39:04+00	report	%
1	32	-3.1	2024	3	2026-04-02 12:39:04+00	report	MSEK
1	81	22.0	2024	3	2026-04-02 12:39:04+00	report	MSEK
1	87	0.3	2024	3	2026-04-02 12:39:04+00	report	MSEK
1	80	22.3	2024	3	2026-04-02 12:39:04+00	report	MSEK
1	82	0.74	2024	3	2026-04-02 12:39:04+00	report	SEK
1	107	30.0	2024	3	2026-04-02 12:39:04+00	report	Milj
1	37	39.7	2024	3	2026-04-02 12:39:04+00	report	MSEK
1	114	39.9	2024	3	2026-04-02 12:39:04+00	report	MSEK
1	64	13.4	2024	3	2026-04-02 12:39:04+00	report	MSEK
1	74	239.7	2024	3	2026-04-02 12:39:04+00	report	MSEK
1	104	76.0	2024	3	2026-04-02 12:39:04+00	report	MSEK
1	22	8.0	2024	3	2026-04-02 12:39:04+00	report	MSEK
1	94	416.7	2024	3	2026-04-02 12:39:04+00	report	MSEK
1	108	186.8	2024	3	2026-04-02 12:39:04+00	report	MSEK
1	52	41.9	2024	3	2026-04-02 12:39:04+00	report	MSEK
1	60	190.4	2024	3	2026-04-02 12:39:04+00	report	MSEK
1	99	419.1	2024	3	2026-04-02 12:39:04+00	report	MSEK
1	100	835.8	2024	3	2026-04-02 12:39:04+00	report	MSEK
1	95	225.7	2024	3	2026-04-02 12:39:04+00	report	MSEK
1	18	0.0	2024	3	2026-04-02 12:39:04+00	report	MSEK
1	116	69.6	2024	3	2026-04-02 12:39:04+00	report	MSEK
1	58	166.6	2024	3	2026-04-02 12:39:04+00	report	MSEK
1	98	236.2	2024	3	2026-04-02 12:39:04+00	report	MSEK
1	57	94.0	2024	3	2026-04-02 12:39:04+00	report	MSEK
1	59	115.7	2024	3	2026-04-02 12:39:04+00	report	MSEK
1	115	46.8	2024	3	2026-04-02 12:39:04+00	report	MSEK
1	103	117.4	2024	3	2026-04-02 12:39:04+00	report	MSEK
1	97	373.9	2024	3	2026-04-02 12:39:04+00	report	MSEK
1	96	835.8	2024	3	2026-04-02 12:39:04+00	report	MSEK
1	47	34.7	2024	3	2026-04-02 12:39:04+00	report	MSEK
1	35	-53.2	2024	3	2026-04-02 12:39:04+00	report	MSEK
1	46	-18.5	2024	3	2026-04-02 12:39:04+00	report	MSEK
1	40	-3.1	2024	3	2026-04-02 12:39:04+00	report	MSEK
1	49	-3.1	2024	3	2026-04-02 12:39:04+00	report	MSEK
1	48	-7.9	2024	3	2026-04-02 12:39:04+00	report	MSEK
1	77	-29.5	2024	3	2026-04-02 12:39:04+00	report	MSEK
1	71	1.4	2024	3	2026-04-02 12:39:04+00	report	%
1	83	27.1	2024	3	2026-04-02 12:39:04+00	report	%
1	54	17.3	2024	3	2026-04-02 12:39:04+00	report	%
1	34	45.2	2024	3	2026-04-02 12:39:04+00	report	%
1	56	11.7	2024	3	2026-04-02 12:39:04+00	report	%
1	63	9.9	2024	3	2026-04-02 12:39:04+00	report	%
1	7	911	2024	3	2026-04-02 12:39:04+00	report	st
1	9	19186	2024	3	2026-04-02 12:39:04+00	report	st
1	10	352	2024	3	2026-04-02 12:39:04+00	report	st
1	36	832	2024	3	2026-04-02 12:39:04+00	report	SEK
1	50	1.8	2024	3	2026-04-02 12:39:04+00	report	%
1	8	151	2024	3	2026-04-02 12:39:04+00	report	st
1	5	64	2024	3	2026-04-02 12:39:04+00	report	%
1	16	-1.2	2024	3	2026-04-02 12:39:04+00	report	MSEK
1	15	-2.7	2024	3	2026-04-02 12:39:04+00	report	MSEK
1	14	-3.9	2024	3	2026-04-02 12:39:04+00	report	MSEK
1	17	-9.3	2024	3	2026-04-02 12:39:04+00	report	MSEK
1	13	-13.2	2024	3	2026-04-02 12:39:04+00	report	MSEK
1	68	122.7	2024	3	2026-04-02 12:39:04+00	report	MSEK
1	67	235.0	2024	3	2026-04-02 12:39:04+00	report	MSEK
1	69	4.6	2024	3	2026-04-02 12:39:04+00	report	MSEK
1	66	318.4	2024	4	2026-04-02 12:39:04+00	report	MSEK
1	53	-148.7	2024	4	2026-04-02 12:39:04+00	report	MSEK
1	20	169.7	2024	4	2026-04-02 12:39:04+00	report	MSEK
1	19	53.3	2024	4	2026-04-02 12:39:04+00	report	%
1	55	-40.5	2024	4	2026-04-02 12:39:04+00	report	MSEK
1	62	-31.0	2024	4	2026-04-02 12:39:04+00	report	MSEK
1	1	-61.9	2024	4	2026-04-02 12:39:04+00	report	MSEK
1	86	36.2	2024	4	2026-04-02 12:39:04+00	report	MSEK
1	85	11.4	2024	4	2026-04-02 12:39:04+00	report	%
1	32	-0.1	2024	4	2026-04-02 12:39:04+00	report	MSEK
1	81	36.1	2024	4	2026-04-02 12:39:04+00	report	MSEK
1	87	0.2	2024	4	2026-04-02 12:39:04+00	report	MSEK
1	80	36.3	2024	4	2026-04-02 12:39:04+00	report	MSEK
1	82	1.21	2024	4	2026-04-02 12:39:04+00	report	SEK
1	107	30.0	2024	4	2026-04-02 12:39:04+00	report	Milj
1	37	39.7	2024	4	2026-04-02 12:39:04+00	report	MSEK
1	114	38.3	2024	4	2026-04-02 12:39:04+00	report	MSEK
1	64	12.6	2024	4	2026-04-02 12:39:04+00	report	MSEK
1	74	238.4	2024	4	2026-04-02 12:39:04+00	report	MSEK
1	104	76.2	2024	4	2026-04-02 12:39:04+00	report	MSEK
1	22	38.0	2024	4	2026-04-02 12:39:04+00	report	MSEK
1	94	443.3	2024	4	2026-04-02 12:39:04+00	report	MSEK
1	108	172.6	2024	4	2026-04-02 12:39:04+00	report	MSEK
1	52	55.0	2024	4	2026-04-02 12:39:04+00	report	MSEK
1	60	196.9	2024	4	2026-04-02 12:39:04+00	report	MSEK
1	99	424.6	2024	4	2026-04-02 12:39:04+00	report	MSEK
1	100	867.8	2024	4	2026-04-02 12:39:04+00	report	MSEK
1	95	237.1	2024	4	2026-04-02 12:39:04+00	report	MSEK
1	18	0.0	2024	4	2026-04-02 12:39:04+00	report	MSEK
1	116	42.9	2024	4	2026-04-02 12:39:04+00	report	MSEK
1	58	224.6	2024	4	2026-04-02 12:39:04+00	report	MSEK
1	98	267.5	2024	4	2026-04-02 12:39:04+00	report	MSEK
1	57	35.8	2024	4	2026-04-02 12:39:04+00	report	MSEK
1	59	85.4	2024	4	2026-04-02 12:39:04+00	report	MSEK
1	115	81.0	2024	4	2026-04-02 12:39:04+00	report	MSEK
1	103	161.1	2024	4	2026-04-02 12:39:04+00	report	MSEK
1	97	363.3	2024	4	2026-04-02 12:39:04+00	report	MSEK
1	96	867.8	2024	4	2026-04-02 12:39:04+00	report	MSEK
1	47	55.3	2024	4	2026-04-02 12:39:04+00	report	MSEK
1	35	16.5	2024	4	2026-04-02 12:39:04+00	report	MSEK
1	46	71.8	2024	4	2026-04-02 12:39:04+00	report	MSEK
1	40	-2.5	2024	4	2026-04-02 12:39:04+00	report	MSEK
1	49	-2.5	2024	4	2026-04-02 12:39:04+00	report	MSEK
1	48	-32.8	2024	4	2026-04-02 12:39:04+00	report	MSEK
1	77	36.5	2024	4	2026-04-02 12:39:04+00	report	MSEK
1	71	5.5	2024	4	2026-04-02 12:39:04+00	report	%
1	83	27.9	2024	4	2026-04-02 12:39:04+00	report	%
1	54	15.8	2024	4	2026-04-02 12:39:04+00	report	%
1	34	47.2	2024	4	2026-04-02 12:39:04+00	report	%
1	56	12.7	2024	4	2026-04-02 12:39:04+00	report	%
1	63	9.7	2024	4	2026-04-02 12:39:04+00	report	%
1	7	926	2024	4	2026-04-02 12:39:04+00	report	st
1	9	25104	2024	4	2026-04-02 12:39:04+00	report	st
1	10	529	2024	4	2026-04-02 12:39:04+00	report	st
1	36	726	2024	4	2026-04-02 12:39:04+00	report	SEK
1	50	2.1	2024	4	2026-04-02 12:39:04+00	report	%
1	8	150	2024	4	2026-04-02 12:39:04+00	report	st
1	5	64	2024	4	2026-04-02 12:39:04+00	report	%
1	16	-1.0	2024	4	2026-04-02 12:39:04+00	report	MSEK
1	15	-3.8	2024	4	2026-04-02 12:39:04+00	report	MSEK
1	14	-4.8	2024	4	2026-04-02 12:39:04+00	report	MSEK
1	17	-8.9	2024	4	2026-04-02 12:39:04+00	report	MSEK
1	13	-13.7	2024	4	2026-04-02 12:39:04+00	report	MSEK
1	68	160.1	2024	4	2026-04-02 12:39:04+00	report	MSEK
1	67	312.5	2024	4	2026-04-02 12:39:04+00	report	MSEK
1	69	5.9	2024	4	2026-04-02 12:39:04+00	report	MSEK
1	66	247.8	2025	1	2026-04-02 12:39:04+00	report	MSEK
1	53	-119.9	2025	1	2026-04-02 12:39:04+00	report	MSEK
1	20	127.8	2025	1	2026-04-02 12:39:04+00	report	MSEK
1	19	51.6	2025	1	2026-04-02 12:39:04+00	report	%
1	55	-30.3	2025	1	2026-04-02 12:39:04+00	report	MSEK
1	62	-24.4	2025	1	2026-04-02 12:39:04+00	report	MSEK
1	1	-53.1	2025	1	2026-04-02 12:39:04+00	report	MSEK
1	86	19.9	2025	1	2026-04-02 12:39:04+00	report	MSEK
1	85	8.0	2025	1	2026-04-02 12:39:04+00	report	%
1	32	-3.7	2025	1	2026-04-02 12:39:04+00	report	MSEK
1	81	16.2	2025	1	2026-04-02 12:39:04+00	report	MSEK
1	87	0.1	2025	1	2026-04-02 12:39:04+00	report	MSEK
1	80	16.3	2025	1	2026-04-02 12:39:04+00	report	MSEK
1	82	0.54	2025	1	2026-04-02 12:39:04+00	report	SEK
1	107	30.0	2025	1	2026-04-02 12:39:04+00	report	Milj
1	37	39.7	2025	1	2026-04-02 12:39:04+00	report	MSEK
1	114	37.9	2025	1	2026-04-02 12:39:04+00	report	MSEK
1	64	11.7	2025	1	2026-04-02 12:39:04+00	report	MSEK
1	74	230.1	2025	1	2026-04-02 12:39:04+00	report	MSEK
1	104	76.3	2025	1	2026-04-02 12:39:04+00	report	MSEK
1	22	37.0	2025	1	2026-04-02 12:39:04+00	report	MSEK
1	94	432.7	2025	1	2026-04-02 12:39:04+00	report	MSEK
1	108	202.8	2025	1	2026-04-02 12:39:04+00	report	MSEK
1	52	38.4	2025	1	2026-04-02 12:39:04+00	report	MSEK
1	60	172.6	2025	1	2026-04-02 12:39:04+00	report	MSEK
1	99	413.8	2025	1	2026-04-02 12:39:04+00	report	MSEK
1	100	846.5	2025	1	2026-04-02 12:39:04+00	report	MSEK
1	95	253.4	2025	1	2026-04-02 12:39:04+00	report	MSEK
1	18	0.0	2025	1	2026-04-02 12:39:04+00	report	MSEK
1	116	42.9	2025	1	2026-04-02 12:39:04+00	report	MSEK
1	58	217.7	2025	1	2026-04-02 12:39:04+00	report	MSEK
1	98	260.6	2025	1	2026-04-02 12:39:04+00	report	MSEK
1	57	34.9	2025	1	2026-04-02 12:39:04+00	report	MSEK
1	59	111.8	2025	1	2026-04-02 12:39:04+00	report	MSEK
1	115	59.1	2025	1	2026-04-02 12:39:04+00	report	MSEK
1	103	126.8	2025	1	2026-04-02 12:39:04+00	report	MSEK
1	97	332.5	2025	1	2026-04-02 12:39:04+00	report	MSEK
1	96	846.5	2025	1	2026-04-02 12:39:04+00	report	MSEK
1	47	29.4	2025	1	2026-04-02 12:39:04+00	report	MSEK
1	35	-42.4	2025	1	2026-04-02 12:39:04+00	report	MSEK
1	46	-13.0	2025	1	2026-04-02 12:39:04+00	report	MSEK
1	40	-3.5	2025	1	2026-04-02 12:39:04+00	report	MSEK
1	49	-3.5	2025	1	2026-04-02 12:39:04+00	report	MSEK
1	48	-7.7	2025	1	2026-04-02 12:39:04+00	report	MSEK
1	77	-24.2	2025	1	2026-04-02 12:39:04+00	report	MSEK
1	71	11.5	2025	1	2026-04-02 12:39:04+00	report	%
1	83	24.8	2025	1	2026-04-02 12:39:04+00	report	%
1	54	18.1	2025	1	2026-04-02 12:39:04+00	report	%
1	34	50.1	2025	1	2026-04-02 12:39:04+00	report	%
1	56	12.2	2025	1	2026-04-02 12:39:04+00	report	%
1	63	9.9	2025	1	2026-04-02 12:39:04+00	report	%
1	7	928	2025	1	2026-04-02 12:39:04+00	report	st
1	9	21553	2025	1	2026-04-02 12:39:04+00	report	st
1	10	399	2025	1	2026-04-02 12:39:04+00	report	st
1	36	752	2025	1	2026-04-02 12:39:04+00	report	SEK
1	50	1.9	2025	1	2026-04-02 12:39:04+00	report	%
1	8	145	2025	1	2026-04-02 12:39:04+00	report	st
1	5	63	2025	1	2026-04-02 12:39:04+00	report	%
1	16	-1.1	2025	1	2026-04-02 12:39:04+00	report	MSEK
1	15	-3.8	2025	1	2026-04-02 12:39:04+00	report	MSEK
1	14	-4.9	2025	1	2026-04-02 12:39:04+00	report	MSEK
1	17	-8.3	2025	1	2026-04-02 12:39:04+00	report	MSEK
1	13	-13.2	2025	1	2026-04-02 12:39:04+00	report	MSEK
1	68	126.5	2025	1	2026-04-02 12:39:04+00	report	MSEK
1	67	239.8	2025	1	2026-04-02 12:39:04+00	report	MSEK
1	69	7.9	2025	1	2026-04-02 12:39:04+00	report	MSEK
1	66	361.7	2025	2	2026-04-02 12:39:04+00	report	MSEK
1	53	-164.7	2025	2	2026-04-02 12:39:04+00	report	MSEK
1	20	196.9	2025	2	2026-04-02 12:39:04+00	report	MSEK
1	19	54.5	2025	2	2026-04-02 12:39:04+00	report	%
1	55	-42.7	2025	2	2026-04-02 12:39:04+00	report	MSEK
1	62	-36.2	2025	2	2026-04-02 12:39:04+00	report	MSEK
1	1	-62.6	2025	2	2026-04-02 12:39:04+00	report	MSEK
1	86	55.4	2025	2	2026-04-02 12:39:04+00	report	MSEK
1	85	15.3	2025	2	2026-04-02 12:39:04+00	report	%
1	32	-3.0	2025	2	2026-04-02 12:39:04+00	report	MSEK
1	81	52.4	2025	2	2026-04-02 12:39:04+00	report	MSEK
1	87	0.1	2025	2	2026-04-02 12:39:04+00	report	MSEK
1	80	52.4	2025	2	2026-04-02 12:39:04+00	report	MSEK
1	82	1.75	2025	2	2026-04-02 12:39:04+00	report	SEK
1	107	30.0	2025	2	2026-04-02 12:39:04+00	report	Milj
1	37	39.7	2025	2	2026-04-02 12:39:04+00	report	MSEK
1	114	41.7	2025	2	2026-04-02 12:39:04+00	report	MSEK
1	64	12.1	2025	2	2026-04-02 12:39:04+00	report	MSEK
1	74	221.9	2025	2	2026-04-02 12:39:04+00	report	MSEK
1	104	76.4	2025	2	2026-04-02 12:39:04+00	report	MSEK
1	22	37.0	2025	2	2026-04-02 12:39:04+00	report	MSEK
1	94	428.8	2025	2	2026-04-02 12:39:04+00	report	MSEK
1	108	172.0	2025	2	2026-04-02 12:39:04+00	report	MSEK
1	52	53.4	2025	2	2026-04-02 12:39:04+00	report	MSEK
1	60	259.6	2025	2	2026-04-02 12:39:04+00	report	MSEK
1	99	485.0	2025	2	2026-04-02 12:39:04+00	report	MSEK
1	100	913.8	2025	2	2026-04-02 12:39:04+00	report	MSEK
1	95	306.2	2025	2	2026-04-02 12:39:04+00	report	MSEK
1	18	0.0	2025	2	2026-04-02 12:39:04+00	report	MSEK
1	116	37.6	2025	2	2026-04-02 12:39:04+00	report	MSEK
1	58	210.8	2025	2	2026-04-02 12:39:04+00	report	MSEK
1	98	248.4	2025	2	2026-04-02 12:39:04+00	report	MSEK
1	57	33.8	2025	2	2026-04-02 12:39:04+00	report	MSEK
1	59	119.3	2025	2	2026-04-02 12:39:04+00	report	MSEK
1	115	71.2	2025	2	2026-04-02 12:39:04+00	report	MSEK
1	103	135.0	2025	2	2026-04-02 12:39:04+00	report	MSEK
1	97	359.2	2025	2	2026-04-02 12:39:04+00	report	MSEK
1	96	913.8	2025	2	2026-04-02 12:39:04+00	report	MSEK
1	47	64.9	2025	2	2026-04-02 12:39:04+00	report	MSEK
1	35	39.3	2025	2	2026-04-02 12:39:04+00	report	MSEK
1	46	104.1	2025	2	2026-04-02 12:39:04+00	report	MSEK
1	40	-9.2	2025	2	2026-04-02 12:39:04+00	report	MSEK
1	49	-9.2	2025	2	2026-04-02 12:39:04+00	report	MSEK
1	48	-7.9	2025	2	2026-04-02 12:39:04+00	report	MSEK
1	77	87.1	2025	2	2026-04-02 12:39:04+00	report	MSEK
1	71	15.1	2025	2	2026-04-02 12:39:04+00	report	%
1	83	28.4	2025	2	2026-04-02 12:39:04+00	report	%
1	54	14.7	2025	2	2026-04-02 12:39:04+00	report	%
1	34	54.8	2025	2	2026-04-02 12:39:04+00	report	%
1	56	11.8	2025	2	2026-04-02 12:39:04+00	report	%
1	63	10.0	2025	2	2026-04-02 12:39:04+00	report	%
1	7	968	2025	2	2026-04-02 12:39:04+00	report	st
1	9	26925	2025	2	2026-04-02 12:39:04+00	report	st
1	10	574	2025	2	2026-04-02 12:39:04+00	report	st
1	36	754	2025	2	2026-04-02 12:39:04+00	report	SEK
1	50	2.1	2025	2	2026-04-02 12:39:04+00	report	%
1	8	157	2025	2	2026-04-02 12:39:04+00	report	st
1	5	64	2025	2	2026-04-02 12:39:04+00	report	%
1	16	-1.2	2025	2	2026-04-02 12:39:04+00	report	MSEK
1	15	-3.8	2025	2	2026-04-02 12:39:04+00	report	MSEK
1	14	-4.9	2025	2	2026-04-02 12:39:04+00	report	MSEK
1	17	-8.3	2025	2	2026-04-02 12:39:04+00	report	MSEK
1	13	-13.2	2025	2	2026-04-02 12:39:04+00	report	MSEK
1	68	191.4	2025	2	2026-04-02 12:39:04+00	report	MSEK
1	67	352.4	2025	2	2026-04-02 12:39:04+00	report	MSEK
1	69	9.2	2025	2	2026-04-02 12:39:04+00	report	MSEK
1	66	283.7	2025	3	2026-04-02 12:39:04+00	report	MSEK
1	53	-122.5	2025	3	2026-04-02 12:39:04+00	report	MSEK
1	20	161.2	2025	3	2026-04-02 12:39:04+00	report	MSEK
1	19	56.8	2025	3	2026-04-02 12:39:04+00	report	%
1	55	-31.3	2025	3	2026-04-02 12:39:04+00	report	MSEK
1	62	-26.8	2025	3	2026-04-02 12:39:04+00	report	MSEK
1	1	-59.9	2025	3	2026-04-02 12:39:04+00	report	MSEK
1	86	43.3	2025	3	2026-04-02 12:39:04+00	report	MSEK
1	85	15.3	2025	3	2026-04-02 12:39:04+00	report	%
1	29	0.5	2025	3	2026-04-02 12:39:04+00	report	MSEK
1	30	-2.3	2025	3	2026-04-02 12:39:04+00	report	MSEK
1	81	41.5	2025	3	2026-04-02 12:39:04+00	report	MSEK
1	87	0.1	2025	3	2026-04-02 12:39:04+00	report	MSEK
1	80	41.5	2025	3	2026-04-02 12:39:04+00	report	MSEK
1	82	1.38	2025	3	2026-04-02 12:39:04+00	report	SEK
1	107	30.0	2025	3	2026-04-02 12:39:04+00	report	Milj
1	37	39.7	2025	3	2026-04-02 12:39:04+00	report	MSEK
1	114	43.2	2025	3	2026-04-02 12:39:04+00	report	MSEK
1	64	11.1	2025	3	2026-04-02 12:39:04+00	report	MSEK
1	74	263.5	2025	3	2026-04-02 12:39:04+00	report	MSEK
1	104	76.4	2025	3	2026-04-02 12:39:04+00	report	MSEK
1	22	37.1	2025	3	2026-04-02 12:39:04+00	report	MSEK
1	94	471.1	2025	3	2026-04-02 12:39:04+00	report	MSEK
1	108	227.8	2025	3	2026-04-02 12:39:04+00	report	MSEK
1	52	49.3	2025	3	2026-04-02 12:39:04+00	report	MSEK
1	60	226.7	2025	3	2026-04-02 12:39:04+00	report	MSEK
1	99	503.8	2025	3	2026-04-02 12:39:04+00	report	MSEK
1	100	974.9	2025	3	2026-04-02 12:39:04+00	report	MSEK
1	95	347.9	2025	3	2026-04-02 12:39:04+00	report	MSEK
1	18	1.4	2025	3	2026-04-02 12:39:04+00	report	MSEK
1	116	37.5	2025	3	2026-04-02 12:39:04+00	report	MSEK
1	58	247.7	2025	3	2026-04-02 12:39:04+00	report	MSEK
1	98	286.5	2025	3	2026-04-02 12:39:04+00	report	MSEK
1	57	38.9	2025	3	2026-04-02 12:39:04+00	report	MSEK
1	59	137.8	2025	3	2026-04-02 12:39:04+00	report	MSEK
1	115	49.2	2025	3	2026-04-02 12:39:04+00	report	MSEK
1	103	114.5	2025	3	2026-04-02 12:39:04+00	report	MSEK
1	97	340.4	2025	3	2026-04-02 12:39:04+00	report	MSEK
1	96	974.9	2025	3	2026-04-02 12:39:04+00	report	MSEK
1	47	54.0	2025	3	2026-04-02 12:39:04+00	report	MSEK
1	35	-72.5	2025	3	2026-04-02 12:39:04+00	report	MSEK
1	46	-18.5	2025	3	2026-04-02 12:39:04+00	report	MSEK
1	40	-5.6	2025	3	2026-04-02 12:39:04+00	report	MSEK
1	49	-5.6	2025	3	2026-04-02 12:39:04+00	report	MSEK
1	48	-8.7	2025	3	2026-04-02 12:39:04+00	report	MSEK
1	77	-32.8	2025	3	2026-04-02 12:39:04+00	report	MSEK
1	71	18.4	2025	3	2026-04-02 12:39:04+00	report	%
1	83	26.1	2025	3	2026-04-02 12:39:04+00	report	%
1	54	18.8	2025	3	2026-04-02 12:39:04+00	report	%
1	34	62.2	2025	3	2026-04-02 12:39:04+00	report	%
1	56	11.0	2025	3	2026-04-02 12:39:04+00	report	%
1	63	9.4	2025	3	2026-04-02 12:39:04+00	report	%
1	7	1001	2025	3	2026-04-02 12:39:04+00	report	st
1	9	21079	2025	3	2026-04-02 12:39:04+00	report	st
1	10	423	2025	3	2026-04-02 12:39:04+00	report	st
1	36	765	2025	3	2026-04-02 12:39:04+00	report	SEK
1	50	2.0	2025	3	2026-04-02 12:39:04+00	report	%
1	8	169	2025	3	2026-04-02 12:39:04+00	report	st
1	5	65	2025	3	2026-04-02 12:39:04+00	report	%
1	16	-1.0	2025	3	2026-04-02 12:39:04+00	report	MSEK
1	15	-3.8	2025	3	2026-04-02 12:39:04+00	report	MSEK
1	14	-4.8	2025	3	2026-04-02 12:39:04+00	report	MSEK
1	17	-9.1	2025	3	2026-04-02 12:39:04+00	report	MSEK
1	13	-13.9	2025	3	2026-04-02 12:39:04+00	report	MSEK
1	68	142.8	2025	3	2026-04-02 12:39:04+00	report	MSEK
1	67	267.9	2025	3	2026-04-02 12:39:04+00	report	MSEK
1	69	15.8	2025	3	2026-04-02 12:39:04+00	report	MSEK
1	66	370.5	2025	4	2026-04-02 12:39:04+00	report	MSEK
1	53	-170.4	2025	4	2026-04-02 12:39:04+00	report	MSEK
1	20	200.0	2025	4	2026-04-02 12:39:04+00	report	MSEK
1	19	54.0	2025	4	2026-04-02 12:39:04+00	report	%
1	55	-42.3	2025	4	2026-04-02 12:39:04+00	report	MSEK
1	62	-37.3	2025	4	2026-04-02 12:39:04+00	report	MSEK
1	1	-72.6	2025	4	2026-04-02 12:39:04+00	report	MSEK
1	86	47.8	2025	4	2026-04-02 12:39:04+00	report	MSEK
1	85	12.9	2025	4	2026-04-02 12:39:04+00	report	%
1	29	0.8	2025	4	2026-04-02 12:39:04+00	report	MSEK
1	30	-4.2	2025	4	2026-04-02 12:39:04+00	report	MSEK
1	81	44.4	2025	4	2026-04-02 12:39:04+00	report	MSEK
1	87	13.9	2025	4	2026-04-02 12:39:04+00	report	MSEK
1	80	58.3	2025	4	2026-04-02 12:39:04+00	report	MSEK
1	82	1.94	2025	4	2026-04-02 12:39:04+00	report	SEK
1	107	30.0	2025	4	2026-04-02 12:39:04+00	report	Milj
1	37	39.7	2025	4	2026-04-02 12:39:04+00	report	MSEK
1	114	44.3	2025	4	2026-04-02 12:39:04+00	report	MSEK
1	64	18.9	2025	4	2026-04-02 12:39:04+00	report	MSEK
1	74	269.7	2025	4	2026-04-02 12:39:04+00	report	MSEK
1	104	90.4	2025	4	2026-04-02 12:39:04+00	report	MSEK
1	22	37.0	2025	4	2026-04-02 12:39:04+00	report	MSEK
1	94	500.0	2025	4	2026-04-02 12:39:04+00	report	MSEK
1	108	188.2	2025	4	2026-04-02 12:39:04+00	report	MSEK
1	52	47.7	2025	4	2026-04-02 12:39:04+00	report	MSEK
1	60	253.8	2025	4	2026-04-02 12:39:04+00	report	MSEK
1	99	489.7	2025	4	2026-04-02 12:39:04+00	report	MSEK
1	100	989.7	2025	4	2026-04-02 12:39:04+00	report	MSEK
1	95	406.4	2025	4	2026-04-02 12:39:04+00	report	MSEK
1	18	2.6	2025	4	2026-04-02 12:39:04+00	report	MSEK
1	116	11.0	2025	4	2026-04-02 12:39:04+00	report	MSEK
1	58	250.9	2025	4	2026-04-02 12:39:04+00	report	MSEK
1	98	264.5	2025	4	2026-04-02 12:39:04+00	report	MSEK
1	57	36.2	2025	4	2026-04-02 12:39:04+00	report	MSEK
1	59	80.9	2025	4	2026-04-02 12:39:04+00	report	MSEK
1	115	81.3	2025	4	2026-04-02 12:39:04+00	report	MSEK
1	103	120.4	2025	4	2026-04-02 12:39:04+00	report	MSEK
1	97	318.8	2025	4	2026-04-02 12:39:04+00	report	MSEK
1	96	989.7	2025	4	2026-04-02 12:39:04+00	report	MSEK
1	47	61.9	2025	4	2026-04-02 12:39:04+00	report	MSEK
1	35	-11.1	2025	4	2026-04-02 12:39:04+00	report	MSEK
1	46	50.8	2025	4	2026-04-02 12:39:04+00	report	MSEK
1	40	-13.9	2025	4	2026-04-02 12:39:04+00	report	MSEK
1	49	-13.9	2025	4	2026-04-02 12:39:04+00	report	MSEK
1	48	-9.7	2025	4	2026-04-02 12:39:04+00	report	MSEK
1	77	27.2	2025	4	2026-04-02 12:39:04+00	report	MSEK
1	71	16.4	2025	4	2026-04-02 12:39:04+00	report	%
1	83	22.8	2025	4	2026-04-02 12:39:04+00	report	%
1	54	14.9	2025	4	2026-04-02 12:39:04+00	report	%
1	34	62.1	2025	4	2026-04-02 12:39:04+00	report	%
1	56	11.4	2025	4	2026-04-02 12:39:04+00	report	%
1	63	10.1	2025	4	2026-04-02 12:39:04+00	report	%
1	7	1029	2025	4	2026-04-02 12:39:04+00	report	st
1	9	25050	2025	4	2026-04-02 12:39:04+00	report	st
1	10	578	2025	4	2026-04-02 12:39:04+00	report	st
1	36	656	2025	4	2026-04-02 12:39:04+00	report	SEK
1	50	2.3	2025	4	2026-04-02 12:39:04+00	report	%
1	8	175	2025	4	2026-04-02 12:39:04+00	report	st
1	5	65	2025	4	2026-04-02 12:39:04+00	report	%
1	16	-1.9	2025	4	2026-04-02 12:39:04+00	report	MSEK
1	15	-3.2	2025	4	2026-04-02 12:39:04+00	report	MSEK
1	14	-5.1	2025	4	2026-04-02 12:39:04+00	report	MSEK
1	17	-9.9	2025	4	2026-04-02 12:39:04+00	report	MSEK
1	13	-15.0	2025	4	2026-04-02 12:39:04+00	report	MSEK
1	68	175.1	2025	4	2026-04-02 12:39:04+00	report	MSEK
1	67	345.2	2025	4	2026-04-02 12:39:04+00	report	MSEK
1	69	25.3	2025	4	2026-04-02 12:39:04+00	report	MSEK
